Timestamp,JobId,Source,Destination,FileSize,Time,JobType,SiteName,UpDown
1441831771,32913798,wn1207201.tier2.hep.manchester.ac.uk,bohr3226.tier2.hep.manchester.ac.uk,12,1000,gate,UKI-NORTHGRID-MAN-HEP,0
1441831771,32913798,wn1207201.tier2.hep.manchester.ac.uk,bohr3226.tier2.hep.manchester.ac.uk,8332520,1040,gate,UKI-NORTHGRID-MAN-HEP,1
1441831771,32913798,tbn18.nikhef.nl,wn1207201.tier2.hep.manchester.ac.uk,73039,2020,gate,UKI-NORTHGRID-MAN-HEP,2
1441831771,32913798,bohr3226.tier2.hep.manchester.ac.uk,wn1207201.tier2.hep.manchester.ac.uk,501843312,5010,gate,UKI-NORTHGRID-MAN-HEP,2
1441831771,32913798,dc2-grid-64.brunel.ac.uk,wn1207201.tier2.hep.manchester.ac.uk,6901,1010,gate,UKI-NORTHGRID-MAN-HEP,2
1441844473,32917409,wn1909250.tier2.hep.manchester.ac.uk,bohr3226.tier2.hep.manchester.ac.uk,12,1010,gate,UKI-NORTHGRID-MAN-HEP,0
1441844473,32917409,wn1909250.tier2.hep.manchester.ac.uk,bohr3226.tier2.hep.manchester.ac.uk,8132048,1030,gate,UKI-NORTHGRID-MAN-HEP,1
1441844473,32917409,ccsrm02.in2p3.fr,wn1909250.tier2.hep.manchester.ac.uk,73039,1020,gate,UKI-NORTHGRID-MAN-HEP,2
1441844473,32917409,bohr3226.tier2.hep.manchester.ac.uk,wn1909250.tier2.hep.manchester.ac.uk,501843312,5010,gate,UKI-NORTHGRID-MAN-HEP,2
1441844473,32917409,dc2-grid-64.brunel.ac.uk,wn1909250.tier2.hep.manchester.ac.uk,6901,1010,gate,UKI-NORTHGRID-MAN-HEP,2
1441834194,32913800,wn1206300.tier2.hep.manchester.ac.uk,bohr3226.tier2.hep.manchester.ac.uk,12,1000,gate,UKI-NORTHGRID-MAN-HEP,0
1441834194,32913800,wn1206300.tier2.hep.manchester.ac.uk,bohr3226.tier2.hep.manchester.ac.uk,8369711,1100,gate,UKI-NORTHGRID-MAN-HEP,1
1441834194,32913800,ccsrm02.in2p3.fr,wn1206300.tier2.hep.manchester.ac.uk,73039,1020,gate,UKI-NORTHGRID-MAN-HEP,2
1441834194,32913800,bohr3226.tier2.hep.manchester.ac.uk,wn1206300.tier2.hep.manchester.ac.uk,501843312,6010,gate,UKI-NORTHGRID-MAN-HEP,2
1441834194,32913800,dc2-grid-64.brunel.ac.uk,wn1206300.tier2.hep.manchester.ac.uk,6901,1010,gate,UKI-NORTHGRID-MAN-HEP,2
1441849944,32917917,wn1205250.tier2.hep.manchester.ac.uk,bohr3226.tier2.hep.manchester.ac.uk,12,1000,gate,UKI-NORTHGRID-MAN-HEP,0
1441849944,32917917,wn1205250.tier2.hep.manchester.ac.uk,bohr3226.tier2.hep.manchester.ac.uk,8167329,1010,gate,UKI-NORTHGRID-MAN-HEP,1
1441849944,32917917,ccsrm02.in2p3.fr,wn1205250.tier2.hep.manchester.ac.uk,73039,2020,gate,UKI-NORTHGRID-MAN-HEP,2
1441849944,32917917,bohr3226.tier2.hep.manchester.ac.uk,wn1205250.tier2.hep.manchester.ac.uk,501843312,5010,gate,UKI-NORTHGRID-MAN-HEP,2
1441849944,32917917,dc2-grid-64.brunel.ac.uk,wn1205250.tier2.hep.manchester.ac.uk,6901,1020,gate,UKI-NORTHGRID-MAN-HEP,2
1441881964,32921388,cn212.uk,se03.esc.qmul.ac.uk,12,1010,gate,UKI-LT2-QMUL,0
1441881964,32921388,cn212.uk,se03.esc.qmul.ac.uk,8198787,1010,gate,UKI-LT2-QMUL,1
1441881964,32921388,tbn18.nikhef.nl,cn212.uk,73039,1010,gate,UKI-LT2-QMUL,2
1441881964,32921388,srm-biomed.gridpp.rl.ac.uk,cn212.uk,501843312,12050,gate,UKI-LT2-QMUL,2
1441881964,32921388,dc2-grid-64.brunel.ac.uk,cn212.uk,6901,1020,gate,UKI-LT2-QMUL,2
1441833565,32913803,wn1904201.tier2.hep.manchester.ac.uk,bohr3226.tier2.hep.manchester.ac.uk,12,1000,gate,UKI-NORTHGRID-MAN-HEP,0
1441833565,32913803,wn1904201.tier2.hep.manchester.ac.uk,bohr3226.tier2.hep.manchester.ac.uk,8304963,1170,gate,UKI-NORTHGRID-MAN-HEP,1
1441833565,32913803,marsedpm.in2p3.fr,wn1904201.tier2.hep.manchester.ac.uk,73039,1030,gate,UKI-NORTHGRID-MAN-HEP,2
1441833565,32913803,bohr3226.tier2.hep.manchester.ac.uk,wn1904201.tier2.hep.manchester.ac.uk,501843312,5000,gate,UKI-NORTHGRID-MAN-HEP,2
1441833565,32913803,dc2-grid-64.brunel.ac.uk,wn1904201.tier2.hep.manchester.ac.uk,6901,1010,gate,UKI-NORTHGRID-MAN-HEP,2
1441829262,32913804,alicegrid53.ba.infn.it,storm-se-01.ba.infn.it,12,1740,gate,INFN-BARI,0
1441829262,32913804,alicegrid53.ba.infn.it,storm-se-01.ba.infn.it,8450712,1890,gate,INFN-BARI,1
1441829262,32913804,tbn18.nikhef.nl,alicegrid53.ba.infn.it,73039,2040,gate,INFN-BARI,2
1441829262,32913804,sbgse1.in2p3.fr,alicegrid53.ba.infn.it,501843312,20170,gate,INFN-BARI,2
1441829262,32913804,dc2-grid-64.brunel.ac.uk,alicegrid53.ba.infn.it,6901,2090,gate,INFN-BARI,2
1441833560,32913805,wn1905291.tier2.hep.manchester.ac.uk,bohr3226.tier2.hep.manchester.ac.uk,12,1010,gate,UKI-NORTHGRID-MAN-HEP,0
1441833560,32913805,wn1905291.tier2.hep.manchester.ac.uk,bohr3226.tier2.hep.manchester.ac.uk,8313694,1620,gate,UKI-NORTHGRID-MAN-HEP,1
1441833560,32913805,tbn18.nikhef.nl,wn1905291.tier2.hep.manchester.ac.uk,73039,1020,gate,UKI-NORTHGRID-MAN-HEP,2
1441833560,32913805,bohr3226.tier2.hep.manchester.ac.uk,wn1905291.tier2.hep.manchester.ac.uk,501843312,5010,gate,UKI-NORTHGRID-MAN-HEP,2
1441833560,32913805,dc2-grid-64.brunel.ac.uk,wn1905291.tier2.hep.manchester.ac.uk,6901,1010,gate,UKI-NORTHGRID-MAN-HEP,2
1441821017,32913806,alicegrid74.ba.infn.it,storm-se-01.ba.infn.it,12,1000,gate,INFN-BARI,0
1441821017,32913806,alicegrid74.ba.infn.it,storm-se-01.ba.infn.it,8482505,1020,gate,INFN-BARI,1
1441821017,32913806,ccsrm02.in2p3.fr,alicegrid74.ba.infn.it,73039,2030,gate,INFN-BARI,2
1441821017,32913806,ccsrm02.in2p3.fr,alicegrid74.ba.infn.it,501843312,12910,gate,INFN-BARI,2
1441821017,32913806,dc2-grid-64.brunel.ac.uk,alicegrid74.ba.infn.it,6901,2050,gate,INFN-BARI,2
1441832326,32913807,wn1208250.tier2.hep.manchester.ac.uk,bohr3226.tier2.hep.manchester.ac.uk,12,1000,gate,UKI-NORTHGRID-MAN-HEP,0
1441832326,32913807,wn1208250.tier2.hep.manchester.ac.uk,bohr3226.tier2.hep.manchester.ac.uk,8309174,2070,gate,UKI-NORTHGRID-MAN-HEP,1
1441832326,32913807,ccsrm02.in2p3.fr,wn1208250.tier2.hep.manchester.ac.uk,73039,1030,gate,UKI-NORTHGRID-MAN-HEP,2
1441832326,32913807,bohr3226.tier2.hep.manchester.ac.uk,wn1208250.tier2.hep.manchester.ac.uk,501843312,6000,gate,UKI-NORTHGRID-MAN-HEP,2
1441832326,32913807,dc2-grid-64.brunel.ac.uk,wn1208250.tier2.hep.manchester.ac.uk,6901,1010,gate,UKI-NORTHGRID-MAN-HEP,2
1441832602,32913808,wn1208251.tier2.hep.manchester.ac.uk,bohr3226.tier2.hep.manchester.ac.uk,12,1000,gate,UKI-NORTHGRID-MAN-HEP,0
1441832602,32913808,wn1208251.tier2.hep.manchester.ac.uk,bohr3226.tier2.hep.manchester.ac.uk,8307669,2220,gate,UKI-NORTHGRID-MAN-HEP,1
1441832602,32913808,tbn18.nikhef.nl,wn1208251.tier2.hep.manchester.ac.uk,73039,1010,gate,UKI-NORTHGRID-MAN-HEP,2
1441832602,32913808,bohr3226.tier2.hep.manchester.ac.uk,wn1208251.tier2.hep.manchester.ac.uk,501843312,6010,gate,UKI-NORTHGRID-MAN-HEP,2
1441832602,32913808,dc2-grid-64.brunel.ac.uk,wn1208251.tier2.hep.manchester.ac.uk,6901,1010,gate,UKI-NORTHGRID-MAN-HEP,2
1441834875,32913809,wn1909291.tier2.hep.manchester.ac.uk,bohr3226.tier2.hep.manchester.ac.uk,12,1010,gate,UKI-NORTHGRID-MAN-HEP,0
1441834875,32913809,wn1909291.tier2.hep.manchester.ac.uk,bohr3226.tier2.hep.manchester.ac.uk,8295714,1070,gate,UKI-NORTHGRID-MAN-HEP,1
1441834875,32913809,tbn18.nikhef.nl,wn1909291.tier2.hep.manchester.ac.uk,73039,1010,gate,UKI-NORTHGRID-MAN-HEP,2
1441834875,32913809,bohr3226.tier2.hep.manchester.ac.uk,wn1909291.tier2.hep.manchester.ac.uk,501843312,6000,gate,UKI-NORTHGRID-MAN-HEP,2
1441834875,32913809,dc2-grid-64.brunel.ac.uk,wn1909291.tier2.hep.manchester.ac.uk,6901,1020,gate,UKI-NORTHGRID-MAN-HEP,2
1441844359,32917410,wn1908251.tier2.hep.manchester.ac.uk,bohr3226.tier2.hep.manchester.ac.uk,12,3820,gate,UKI-NORTHGRID-MAN-HEP,0
1441844359,32917410,wn1908251.tier2.hep.manchester.ac.uk,bohr3226.tier2.hep.manchester.ac.uk,8107721,2050,gate,UKI-NORTHGRID-MAN-HEP,1
1441844359,32917410,tbn18.nikhef.nl,wn1908251.tier2.hep.manchester.ac.uk,73039,1960,gate,UKI-NORTHGRID-MAN-HEP,2
1441844359,32917410,bohr3226.tier2.hep.manchester.ac.uk,wn1908251.tier2.hep.manchester.ac.uk,501843312,12000,gate,UKI-NORTHGRID-MAN-HEP,2
1441844359,32917410,dc2-grid-64.brunel.ac.uk,wn1908251.tier2.hep.manchester.ac.uk,6901,2600,gate,UKI-NORTHGRID-MAN-HEP,2
1441832510,32913811,wn1206290.tier2.hep.manchester.ac.uk,bohr3226.tier2.hep.manchester.ac.uk,12,1010,gate,UKI-NORTHGRID-MAN-HEP,0
1441832510,32913811,wn1206290.tier2.hep.manchester.ac.uk,bohr3226.tier2.hep.manchester.ac.uk,8316440,1050,gate,UKI-NORTHGRID-MAN-HEP,1
1441832510,32913811,marsedpm.in2p3.fr,wn1206290.tier2.hep.manchester.ac.uk,73039,1030,gate,UKI-NORTHGRID-MAN-HEP,2
1441832510,32913811,bohr3226.tier2.hep.manchester.ac.uk,wn1206290.tier2.hep.manchester.ac.uk,501843312,5010,gate,UKI-NORTHGRID-MAN-HEP,2
1441832510,32913811,dc2-grid-64.brunel.ac.uk,wn1206290.tier2.hep.manchester.ac.uk,6901,1010,gate,UKI-NORTHGRID-MAN-HEP,2
1441821864,32913812,pccms109.ba.infn.it,storm-se-01.ba.infn.it,12,1010,gate,INFN-BARI,0
1441821864,32913812,pccms109.ba.infn.it,storm-se-01.ba.infn.it,8601705,1000,gate,INFN-BARI,1
1441821864,32913812,marsedpm.in2p3.fr,pccms109.ba.infn.it,73039,2040,gate,INFN-BARI,2
1441821864,32913812,ccsrm02.in2p3.fr,pccms109.ba.infn.it,501843312,7320,gate,INFN-BARI,2
1441821864,32913812,dc2-grid-64.brunel.ac.uk,pccms109.ba.infn.it,6901,2060,gate,INFN-BARI,2
1441831727,32913813,pccms95.ba.infn.it,storm-se-01.ba.infn.it,12,1100,gate,INFN-BARI,0
1441831727,32913813,pccms95.ba.infn.it,storm-se-01.ba.infn.it,8388687,1270,gate,INFN-BARI,1
1441831727,32913813,tbn18.nikhef.nl,pccms95.ba.infn.it,73039,2140,gate,INFN-BARI,2
1441831727,32913813,ccsrm02.in2p3.fr,pccms95.ba.infn.it,501843312,7180,gate,INFN-BARI,2
1441831727,32913813,dc2-grid-64.brunel.ac.uk,pccms95.ba.infn.it,6901,3060,gate,INFN-BARI,2
1441830021,32913814,wn1208190.tier2.hep.manchester.ac.uk,bohr3226.tier2.hep.manchester.ac.uk,12,1010,gate,UKI-NORTHGRID-MAN-HEP,0
1441830021,32913814,wn1208190.tier2.hep.manchester.ac.uk,bohr3226.tier2.hep.manchester.ac.uk,8433985,1060,gate,UKI-NORTHGRID-MAN-HEP,1
1441830021,32913814,ccsrm02.in2p3.fr,wn1208190.tier2.hep.manchester.ac.uk,73039,12050,gate,UKI-NORTHGRID-MAN-HEP,2
1441830021,32913814,bohr3226.tier2.hep.manchester.ac.uk,wn1208190.tier2.hep.manchester.ac.uk,501843312,5000,gate,UKI-NORTHGRID-MAN-HEP,2
1441830021,32913814,dc2-grid-64.brunel.ac.uk,wn1208190.tier2.hep.manchester.ac.uk,6901,1020,gate,UKI-NORTHGRID-MAN-HEP,2
1441821350,32913815,pccms97.ba.infn.it,storm-se-01.ba.infn.it,12,1010,gate,INFN-BARI,0
1441821350,32913815,pccms97.ba.infn.it,storm-se-01.ba.infn.it,8162462,1010,gate,INFN-BARI,1
1441821350,32913815,tbn18.nikhef.nl,pccms97.ba.infn.it,73039,2040,gate,INFN-BARI,2
1441821350,32913815,srm-biomed.gridpp.rl.ac.uk,pccms97.ba.infn.it,501843312,25810,gate,INFN-BARI,2
1441821350,32913815,dc2-grid-64.brunel.ac.uk,pccms97.ba.infn.it,6901,2060,gate,INFN-BARI,2
1441881946,32921383,cn213.uk,se03.esc.qmul.ac.uk,12,1010,gate,UKI-LT2-QMUL,0
1441881946,32921383,cn213.uk,se03.esc.qmul.ac.uk,8198152,1020,gate,UKI-LT2-QMUL,1
1441881946,32921383,tbn18.nikhef.nl,cn213.uk,73039,1010,gate,UKI-LT2-QMUL,2
1441881946,32921383,bohr3226.tier2.hep.manchester.ac.uk,cn213.uk,501843312,8020,gate,UKI-LT2-QMUL,2
1441881946,32921383,dc2-grid-64.brunel.ac.uk,cn213.uk,6901,1010,gate,UKI-LT2-QMUL,2
1441882016,32921378,cn204.uk,se03.esc.qmul.ac.uk,12,1010,gate,UKI-LT2-QMUL,0
1441882016,32921378,cn204.uk,se03.esc.qmul.ac.uk,8193238,1020,gate,UKI-LT2-QMUL,1
1441882016,32921378,tbn18.nikhef.nl,cn204.uk,73039,1020,gate,UKI-LT2-QMUL,2
1441882016,32921378,ccsrm02.in2p3.fr,cn204.uk,501843312,7030,gate,UKI-LT2-QMUL,2
1441882016,32921378,dc2-grid-64.brunel.ac.uk,cn204.uk,6901,1030,gate,UKI-LT2-QMUL,2
1441834812,32913818,wn1905300.tier2.hep.manchester.ac.uk,bohr3226.tier2.hep.manchester.ac.uk,12,1000,gate,UKI-NORTHGRID-MAN-HEP,0
1441834812,32913818,wn1905300.tier2.hep.manchester.ac.uk,bohr3226.tier2.hep.manchester.ac.uk,8353759,1060,gate,UKI-NORTHGRID-MAN-HEP,1
1441834812,32913818,tbn18.nikhef.nl,wn1905300.tier2.hep.manchester.ac.uk,73039,1020,gate,UKI-NORTHGRID-MAN-HEP,2
1441834812,32913818,bohr3226.tier2.hep.manchester.ac.uk,wn1905300.tier2.hep.manchester.ac.uk,501843312,5010,gate,UKI-NORTHGRID-MAN-HEP,2
1441834812,32913818,dc2-grid-64.brunel.ac.uk,wn1905300.tier2.hep.manchester.ac.uk,6901,1640,gate,UKI-NORTHGRID-MAN-HEP,2
1441844391,32917407,wn1910251.tier2.hep.manchester.ac.uk,bohr3226.tier2.hep.manchester.ac.uk,12,1010,gate,UKI-NORTHGRID-MAN-HEP,0
1441844391,32917407,wn1910251.tier2.hep.manchester.ac.uk,bohr3226.tier2.hep.manchester.ac.uk,8143497,1010,gate,UKI-NORTHGRID-MAN-HEP,1
1441844391,32917407,ccsrm02.in2p3.fr,wn1910251.tier2.hep.manchester.ac.uk,73039,1020,gate,UKI-NORTHGRID-MAN-HEP,2
1441844391,32917407,bohr3226.tier2.hep.manchester.ac.uk,wn1910251.tier2.hep.manchester.ac.uk,501843312,8010,gate,UKI-NORTHGRID-MAN-HEP,2
1441844391,32917407,dc2-grid-64.brunel.ac.uk,wn1910251.tier2.hep.manchester.ac.uk,6901,1010,gate,UKI-NORTHGRID-MAN-HEP,2
1441825686,32913820,wn1206290.tier2.hep.manchester.ac.uk,bohr3226.tier2.hep.manchester.ac.uk,12,1000,gate,UKI-NORTHGRID-MAN-HEP,0
1441825686,32913820,wn1206290.tier2.hep.manchester.ac.uk,bohr3226.tier2.hep.manchester.ac.uk,8358694,1060,gate,UKI-NORTHGRID-MAN-HEP,1
1441825686,32913820,tbn18.nikhef.nl,wn1206290.tier2.hep.manchester.ac.uk,73039,1010,gate,UKI-NORTHGRID-MAN-HEP,2
1441825686,32913820,bohr3226.tier2.hep.manchester.ac.uk,wn1206290.tier2.hep.manchester.ac.uk,501843312,5000,gate,UKI-NORTHGRID-MAN-HEP,2
1441825686,32913820,dc2-grid-64.brunel.ac.uk,wn1206290.tier2.hep.manchester.ac.uk,6901,1020,gate,UKI-NORTHGRID-MAN-HEP,2
1441830778,32913821,pccms84.ba.infn.it,storm-se-01.ba.infn.it,12,1010,gate,INFN-BARI,0
1441830778,32913821,pccms84.ba.infn.it,storm-se-01.ba.infn.it,8324338,1100,gate,INFN-BARI,1
1441830778,32913821,ccsrm02.in2p3.fr,pccms84.ba.infn.it,73039,1040,gate,INFN-BARI,2
1441830778,32913821,ccsrm02.in2p3.fr,pccms84.ba.infn.it,501843312,11730,gate,INFN-BARI,2
1441830778,32913821,dc2-grid-64.brunel.ac.uk,pccms84.ba.infn.it,6901,2050,gate,INFN-BARI,2
1441826331,32913822,wn1206300.tier2.hep.manchester.ac.uk,bohr3226.tier2.hep.manchester.ac.uk,12,1010,gate,UKI-NORTHGRID-MAN-HEP,0
1441826331,32913822,wn1206300.tier2.hep.manchester.ac.uk,bohr3226.tier2.hep.manchester.ac.uk,8335658,1700,gate,UKI-NORTHGRID-MAN-HEP,1
1441826331,32913822,ccsrm02.in2p3.fr,wn1206300.tier2.hep.manchester.ac.uk,73039,2040,gate,UKI-NORTHGRID-MAN-HEP,2
1441826331,32913822,bohr3226.tier2.hep.manchester.ac.uk,wn1206300.tier2.hep.manchester.ac.uk,501843312,5010,gate,UKI-NORTHGRID-MAN-HEP,2
1441826331,32913822,dc2-grid-64.brunel.ac.uk,wn1206300.tier2.hep.manchester.ac.uk,6901,1020,gate,UKI-NORTHGRID-MAN-HEP,2
1441850300,32917928,wn1206201.tier2.hep.manchester.ac.uk,bohr3226.tier2.hep.manchester.ac.uk,12,1000,gate,UKI-NORTHGRID-MAN-HEP,0
1441850300,32917928,wn1206201.tier2.hep.manchester.ac.uk,bohr3226.tier2.hep.manchester.ac.uk,8200936,1000,gate,UKI-NORTHGRID-MAN-HEP,1
1441850300,32917928,tbn18.nikhef.nl,wn1206201.tier2.hep.manchester.ac.uk,73039,1020,gate,UKI-NORTHGRID-MAN-HEP,2
1441850300,32917928,bohr3226.tier2.hep.manchester.ac.uk,wn1206201.tier2.hep.manchester.ac.uk,501843312,5000,gate,UKI-NORTHGRID-MAN-HEP,2
1441850300,32917928,dc2-grid-64.brunel.ac.uk,wn1206201.tier2.hep.manchester.ac.uk,6901,1010,gate,UKI-NORTHGRID-MAN-HEP,2
1441831405,32913824,wn1908251.tier2.hep.manchester.ac.uk,bohr3226.tier2.hep.manchester.ac.uk,12,1010,gate,UKI-NORTHGRID-MAN-HEP,0
1441831405,32913824,wn1908251.tier2.hep.manchester.ac.uk,bohr3226.tier2.hep.manchester.ac.uk,8360286,4500,gate,UKI-NORTHGRID-MAN-HEP,1
1441831405,32913824,marsedpm.in2p3.fr,wn1908251.tier2.hep.manchester.ac.uk,73039,1030,gate,UKI-NORTHGRID-MAN-HEP,2
1441831405,32913824,bohr3226.tier2.hep.manchester.ac.uk,wn1908251.tier2.hep.manchester.ac.uk,501843312,5010,gate,UKI-NORTHGRID-MAN-HEP,2
1441831405,32913824,dc2-grid-64.brunel.ac.uk,wn1908251.tier2.hep.manchester.ac.uk,6901,1010,gate,UKI-NORTHGRID-MAN-HEP,2
1441821033,32913825,alicegrid93.ba.infn.it,storm-se-01.ba.infn.it,12,1020,gate,INFN-BARI,0
1441821033,32913825,alicegrid93.ba.infn.it,storm-se-01.ba.infn.it,8364608,1010,gate,INFN-BARI,1
1441821033,32913825,ccsrm02.in2p3.fr,alicegrid93.ba.infn.it,73039,1040,gate,INFN-BARI,2
1441821033,32913825,srm-biomed.gridpp.rl.ac.uk,alicegrid93.ba.infn.it,501843312,27740,gate,INFN-BARI,2
1441821033,32913825,dc2-grid-64.brunel.ac.uk,alicegrid93.ba.infn.it,6901,2060,gate,INFN-BARI,2
1441834175,32913826,wn1207250.tier2.hep.manchester.ac.uk,bohr3226.tier2.hep.manchester.ac.uk,12,1000,gate,UKI-NORTHGRID-MAN-HEP,0
1441834175,32913826,wn1207250.tier2.hep.manchester.ac.uk,bohr3226.tier2.hep.manchester.ac.uk,8373626,1040,gate,UKI-NORTHGRID-MAN-HEP,1
1441834175,32913826,marsedpm.in2p3.fr,wn1207250.tier2.hep.manchester.ac.uk,73039,1030,gate,UKI-NORTHGRID-MAN-HEP,2
1441834175,32913826,bohr3226.tier2.hep.manchester.ac.uk,wn1207250.tier2.hep.manchester.ac.uk,501843312,6010,gate,UKI-NORTHGRID-MAN-HEP,2
1441834175,32913826,dc2-grid-64.brunel.ac.uk,wn1207250.tier2.hep.manchester.ac.uk,6901,1010,gate,UKI-NORTHGRID-MAN-HEP,2
1441844341,32917406,wn1905241.tier2.hep.manchester.ac.uk,bohr3226.tier2.hep.manchester.ac.uk,12,2010,gate,UKI-NORTHGRID-MAN-HEP,0
1441844341,32917406,wn1905241.tier2.hep.manchester.ac.uk,bohr3226.tier2.hep.manchester.ac.uk,8143561,1120,gate,UKI-NORTHGRID-MAN-HEP,1
1441844341,32917406,ccsrm02.in2p3.fr,wn1905241.tier2.hep.manchester.ac.uk,73039,1040,gate,UKI-NORTHGRID-MAN-HEP,2
1441844341,32917406,bohr3226.tier2.hep.manchester.ac.uk,wn1905241.tier2.hep.manchester.ac.uk,501843312,6010,gate,UKI-NORTHGRID-MAN-HEP,2
1441844341,32917406,dc2-grid-64.brunel.ac.uk,wn1905241.tier2.hep.manchester.ac.uk,6901,1010,gate,UKI-NORTHGRID-MAN-HEP,2
1441882114,32921380,cn212.uk,se03.esc.qmul.ac.uk,12,1010,gate,UKI-LT2-QMUL,0
1441882114,32921380,cn212.uk,se03.esc.qmul.ac.uk,8201057,1020,gate,UKI-LT2-QMUL,1
1441882114,32921380,marsedpm.in2p3.fr,cn212.uk,73039,1030,gate,UKI-LT2-QMUL,2
1441882114,32921380,marsedpm.in2p3.fr,cn212.uk,501843312,25110,gate,UKI-LT2-QMUL,2
1441882114,32921380,dc2-grid-64.brunel.ac.uk,cn212.uk,6901,1010,gate,UKI-LT2-QMUL,2
1441881940,32921381,cn223.uk,se03.esc.qmul.ac.uk,12,1060,gate,UKI-LT2-QMUL,0
1441881940,32921381,cn223.uk,se03.esc.qmul.ac.uk,8198141,1010,gate,UKI-LT2-QMUL,1
1441881940,32921381,marsedpm.in2p3.fr,cn223.uk,73039,1040,gate,UKI-LT2-QMUL,2
1441881940,32921381,sbgse1.in2p3.fr,cn223.uk,501843312,42300,gate,UKI-LT2-QMUL,2
1441881940,32921381,dc2-grid-64.brunel.ac.uk,cn223.uk,6901,1020,gate,UKI-LT2-QMUL,2
1441832268,32913830,wn1909190.tier2.hep.manchester.ac.uk,bohr3226.tier2.hep.manchester.ac.uk,12,1010,gate,UKI-NORTHGRID-MAN-HEP,0
1441832268,32913830,wn1909190.tier2.hep.manchester.ac.uk,bohr3226.tier2.hep.manchester.ac.uk,8316410,1150,gate,UKI-NORTHGRID-MAN-HEP,1
1441832268,32913830,ccsrm02.in2p3.fr,wn1909190.tier2.hep.manchester.ac.uk,73039,1020,gate,UKI-NORTHGRID-MAN-HEP,2
1441832268,32913830,bohr3226.tier2.hep.manchester.ac.uk,wn1909190.tier2.hep.manchester.ac.uk,501843312,5010,gate,UKI-NORTHGRID-MAN-HEP,2
1441832268,32913830,dc2-grid-64.brunel.ac.uk,wn1909190.tier2.hep.manchester.ac.uk,6901,1010,gate,UKI-NORTHGRID-MAN-HEP,2
1441830504,32913831,wn1207250.tier2.hep.manchester.ac.uk,bohr3226.tier2.hep.manchester.ac.uk,12,2000,gate,UKI-NORTHGRID-MAN-HEP,0
1441830504,32913831,wn1207250.tier2.hep.manchester.ac.uk,bohr3226.tier2.hep.manchester.ac.uk,8402051,1070,gate,UKI-NORTHGRID-MAN-HEP,1
1441830504,32913831,tbn18.nikhef.nl,wn1207250.tier2.hep.manchester.ac.uk,73039,1010,gate,UKI-NORTHGRID-MAN-HEP,2
1441830504,32913831,bohr3226.tier2.hep.manchester.ac.uk,wn1207250.tier2.hep.manchester.ac.uk,501843312,5000,gate,UKI-NORTHGRID-MAN-HEP,2
1441830504,32913831,dc2-grid-64.brunel.ac.uk,wn1207250.tier2.hep.manchester.ac.uk,6901,1010,gate,UKI-NORTHGRID-MAN-HEP,2
1441850248,32917919,wn1207291.tier2.hep.manchester.ac.uk,bohr3226.tier2.hep.manchester.ac.uk,12,1000,gate,UKI-NORTHGRID-MAN-HEP,0
1441850248,32917919,wn1207291.tier2.hep.manchester.ac.uk,bohr3226.tier2.hep.manchester.ac.uk,8138613,1010,gate,UKI-NORTHGRID-MAN-HEP,1
1441850248,32917919,ccsrm02.in2p3.fr,wn1207291.tier2.hep.manchester.ac.uk,73039,1020,gate,UKI-NORTHGRID-MAN-HEP,2
1441850248,32917919,bohr3226.tier2.hep.manchester.ac.uk,wn1207291.tier2.hep.manchester.ac.uk,501843312,5010,gate,UKI-NORTHGRID-MAN-HEP,2
1441850248,32917919,dc2-grid-64.brunel.ac.uk,wn1207291.tier2.hep.manchester.ac.uk,6901,1010,gate,UKI-NORTHGRID-MAN-HEP,2
1441831586,32913833,wn1207250.tier2.hep.manchester.ac.uk,bohr3226.tier2.hep.manchester.ac.uk,12,1000,gate,UKI-NORTHGRID-MAN-HEP,0
1441831586,32913833,wn1207250.tier2.hep.manchester.ac.uk,bohr3226.tier2.hep.manchester.ac.uk,8424297,1050,gate,UKI-NORTHGRID-MAN-HEP,1
1441831586,32913833,marsedpm.in2p3.fr,wn1207250.tier2.hep.manchester.ac.uk,73039,1030,gate,UKI-NORTHGRID-MAN-HEP,2
1441831586,32913833,bohr3226.tier2.hep.manchester.ac.uk,wn1207250.tier2.hep.manchester.ac.uk,501843312,5010,gate,UKI-NORTHGRID-MAN-HEP,2
1441831586,32913833,dc2-grid-64.brunel.ac.uk,wn1207250.tier2.hep.manchester.ac.uk,6901,1010,gate,UKI-NORTHGRID-MAN-HEP,2
1441820962,32913834,wizard03.ba.infn.it,storm-se-01.ba.infn.it,12,1030,gate,INFN-BARI,0
1441820962,32913834,wizard03.ba.infn.it,storm-se-01.ba.infn.it,8310869,1250,gate,INFN-BARI,1
1441820962,32913834,ccsrm02.in2p3.fr,wizard03.ba.infn.it,73039,1070,gate,INFN-BARI,2
1441820962,32913834,srm-biomed.gridpp.rl.ac.uk,wizard03.ba.infn.it,501843312,32840,gate,INFN-BARI,2
1441820962,32913834,dc2-grid-64.brunel.ac.uk,wizard03.ba.infn.it,6901,2050,gate,INFN-BARI,2
1441882480,32921390,cn213.uk,se03.esc.qmul.ac.uk,12,1000,gate,UKI-LT2-QMUL,0
1441882480,32921390,cn213.uk,se03.esc.qmul.ac.uk,8201104,1210,gate,UKI-LT2-QMUL,1
1441882480,32921390,ccsrm02.in2p3.fr,cn213.uk,73039,1020,gate,UKI-LT2-QMUL,2
1441882480,32921390,ccsrm02.in2p3.fr,cn213.uk,501843312,20230,gate,UKI-LT2-QMUL,2
1441882480,32921390,dc2-grid-64.brunel.ac.uk,cn213.uk,6901,1380,gate,UKI-LT2-QMUL,2
1441881919,32921374,cn210.uk,se03.esc.qmul.ac.uk,12,1040,gate,UKI-LT2-QMUL,0
1441881919,32921374,cn210.uk,se03.esc.qmul.ac.uk,8187158,1060,gate,UKI-LT2-QMUL,1
1441881919,32921374,ccsrm02.in2p3.fr,cn210.uk,73039,2050,gate,UKI-LT2-QMUL,2
1441881919,32921374,bohr3226.tier2.hep.manchester.ac.uk,cn210.uk,501843312,25390,gate,UKI-LT2-QMUL,2
1441881919,32921374,dc2-grid-64.brunel.ac.uk,cn210.uk,6901,1040,gate,UKI-LT2-QMUL,2
1441829686,32913837,alicegrid57.ba.infn.it,storm-se-01.ba.infn.it,12,1010,gate,INFN-BARI,0
1441829686,32913837,alicegrid57.ba.infn.it,storm-se-01.ba.infn.it,8203393,1020,gate,INFN-BARI,1
1441829686,32913837,marsedpm.in2p3.fr,alicegrid57.ba.infn.it,73039,1030,gate,INFN-BARI,2
1441829686,32913837,ccsrm02.in2p3.fr,alicegrid57.ba.infn.it,501843312,31670,gate,INFN-BARI,2
1441829686,32913837,dc2-grid-64.brunel.ac.uk,alicegrid57.ba.infn.it,6901,2060,gate,INFN-BARI,2
1441832680,32913838,alicegrid96.ba.infn.it,storm-se-01.ba.infn.it,12,1010,gate,INFN-BARI,0
1441832680,32913838,alicegrid96.ba.infn.it,storm-se-01.ba.infn.it,8314468,1010,gate,INFN-BARI,1
1441832680,32913838,ccsrm02.in2p3.fr,alicegrid96.ba.infn.it,73039,1030,gate,INFN-BARI,2
1441832680,32913838,ccsrm02.in2p3.fr,alicegrid96.ba.infn.it,501843312,18690,gate,INFN-BARI,2
1441832680,32913838,dc2-grid-64.brunel.ac.uk,alicegrid96.ba.infn.it,6901,2070,gate,INFN-BARI,2
1441820838,32913839,pccms103.ba.infn.it,storm-se-01.ba.infn.it,12,1010,gate,INFN-BARI,0
1441820838,32913839,pccms103.ba.infn.it,storm-se-01.ba.infn.it,8555055,1010,gate,INFN-BARI,1
1441820838,32913839,tbn18.nikhef.nl,pccms103.ba.infn.it,73039,2040,gate,INFN-BARI,2
1441820838,32913839,bohr3226.tier2.hep.manchester.ac.uk,pccms103.ba.infn.it,501843312,20220,gate,INFN-BARI,2
1441820838,32913839,dc2-grid-64.brunel.ac.uk,pccms103.ba.infn.it,6901,3050,gate,INFN-BARI,2
1441821918,32913840,alicegrid53.ba.infn.it,storm-se-01.ba.infn.it,12,1000,gate,INFN-BARI,0
1441821918,32913840,alicegrid53.ba.infn.it,storm-se-01.ba.infn.it,8359167,1010,gate,INFN-BARI,1
1441821918,32913840,ccsrm02.in2p3.fr,alicegrid53.ba.infn.it,73039,1020,gate,INFN-BARI,2
1441821918,32913840,bohr3226.tier2.hep.manchester.ac.uk,alicegrid53.ba.infn.it,501843312,27660,gate,INFN-BARI,2
1441821918,32913840,dc2-grid-64.brunel.ac.uk,alicegrid53.ba.infn.it,6901,2050,gate,INFN-BARI,2
1441882177,32921387,cn214.uk,se03.esc.qmul.ac.uk,12,1100,gate,UKI-LT2-QMUL,0
1441882177,32921387,cn214.uk,se03.esc.qmul.ac.uk,6259963,2420,gate,UKI-LT2-QMUL,1
1441882177,32921387,tbn18.nikhef.nl,cn214.uk,73039,1170,gate,UKI-LT2-QMUL,2
1441882177,32921387,ccsrm02.in2p3.fr,cn214.uk,501843312,56310,gate,UKI-LT2-QMUL,2
1441882177,32921387,dc2-grid-64.brunel.ac.uk,cn214.uk,6901,1260,gate,UKI-LT2-QMUL,2
1441808183,32913842,wn1208240.tier2.hep.manchester.ac.uk,bohr3226.tier2.hep.manchester.ac.uk,12,1980,gate,UKI-NORTHGRID-MAN-HEP,0
1441808183,32913842,wn1208240.tier2.hep.manchester.ac.uk,bohr3226.tier2.hep.manchester.ac.uk,8647580,2060,gate,UKI-NORTHGRID-MAN-HEP,1
1441808183,32913842,tbn18.nikhef.nl,wn1208240.tier2.hep.manchester.ac.uk,73039,1020,gate,UKI-NORTHGRID-MAN-HEP,2
1441808183,32913842,bohr3226.tier2.hep.manchester.ac.uk,wn1208240.tier2.hep.manchester.ac.uk,501843312,5000,gate,UKI-NORTHGRID-MAN-HEP,2
1441808183,32913842,dc2-grid-64.brunel.ac.uk,wn1208240.tier2.hep.manchester.ac.uk,6901,1010,gate,UKI-NORTHGRID-MAN-HEP,2
1441832131,32913843,wn1208200.tier2.hep.manchester.ac.uk,bohr3226.tier2.hep.manchester.ac.uk,12,1010,gate,UKI-NORTHGRID-MAN-HEP,0
1441832131,32913843,wn1208200.tier2.hep.manchester.ac.uk,bohr3226.tier2.hep.manchester.ac.uk,8324386,2060,gate,UKI-NORTHGRID-MAN-HEP,1
1441832131,32913843,tbn18.nikhef.nl,wn1208200.tier2.hep.manchester.ac.uk,73039,1010,gate,UKI-NORTHGRID-MAN-HEP,2
1441832131,32913843,bohr3226.tier2.hep.manchester.ac.uk,wn1208200.tier2.hep.manchester.ac.uk,501843312,6010,gate,UKI-NORTHGRID-MAN-HEP,2
1441832131,32913843,dc2-grid-64.brunel.ac.uk,wn1208200.tier2.hep.manchester.ac.uk,6901,1010,gate,UKI-NORTHGRID-MAN-HEP,2
1441849915,32917915,wn1206190.tier2.hep.manchester.ac.uk,bohr3226.tier2.hep.manchester.ac.uk,12,1010,gate,UKI-NORTHGRID-MAN-HEP,0
1441849915,32917915,wn1206190.tier2.hep.manchester.ac.uk,bohr3226.tier2.hep.manchester.ac.uk,8103024,1010,gate,UKI-NORTHGRID-MAN-HEP,1
1441849915,32917915,ccsrm02.in2p3.fr,wn1206190.tier2.hep.manchester.ac.uk,73039,2020,gate,UKI-NORTHGRID-MAN-HEP,2
1441849915,32917915,bohr3226.tier2.hep.manchester.ac.uk,wn1206190.tier2.hep.manchester.ac.uk,501843312,7010,gate,UKI-NORTHGRID-MAN-HEP,2
1441849915,32917915,dc2-grid-64.brunel.ac.uk,wn1206190.tier2.hep.manchester.ac.uk,6901,1020,gate,UKI-NORTHGRID-MAN-HEP,2
1441818708,32913845,wn090.hep.uk,lcgse0.shef.ac.uk,12,7110,gate,UKI-NORTHGRID-SHEF-HEP,0
1441818708,32913845,wn090.hep.uk,lcgse0.shef.ac.uk,8800863,2480,gate,UKI-NORTHGRID-SHEF-HEP,1
1441818708,32913845,marsedpm.in2p3.fr,wn090.hep.uk,73039,2070,gate,UKI-NORTHGRID-SHEF-HEP,2
1441818708,32913845,marsedpm.in2p3.fr,wn090.hep.uk,501843312,561130,gate,UKI-NORTHGRID-SHEF-HEP,2
1441818708,32913845,dc2-grid-64.brunel.ac.uk,wn090.hep.uk,6901,1050,gate,UKI-NORTHGRID-SHEF-HEP,2
1441821116,32913846,alicegrid103.ba.infn.it,storm-se-01.ba.infn.it,12,1010,gate,INFN-BARI,0
1441821116,32913846,alicegrid103.ba.infn.it,storm-se-01.ba.infn.it,8497518,1010,gate,INFN-BARI,1
1441821116,32913846,ccsrm02.in2p3.fr,alicegrid103.ba.infn.it,73039,2030,gate,INFN-BARI,2
1441821116,32913846,ccsrm02.in2p3.fr,alicegrid103.ba.infn.it,501843312,12440,gate,INFN-BARI,2
1441821116,32913846,dc2-grid-64.brunel.ac.uk,alicegrid103.ba.infn.it,6901,2050,gate,INFN-BARI,2
1441831951,32913847,wn1908251.tier2.hep.manchester.ac.uk,bohr3226.tier2.hep.manchester.ac.uk,12,1000,gate,UKI-NORTHGRID-MAN-HEP,0
1441831951,32913847,wn1908251.tier2.hep.manchester.ac.uk,bohr3226.tier2.hep.manchester.ac.uk,8323764,1610,gate,UKI-NORTHGRID-MAN-HEP,1
1441831951,32913847,tbn18.nikhef.nl,wn1908251.tier2.hep.manchester.ac.uk,73039,4020,gate,UKI-NORTHGRID-MAN-HEP,2
1441831951,32913847,bohr3226.tier2.hep.manchester.ac.uk,wn1908251.tier2.hep.manchester.ac.uk,501843312,5000,gate,UKI-NORTHGRID-MAN-HEP,2
1441831951,32913847,dc2-grid-64.brunel.ac.uk,wn1908251.tier2.hep.manchester.ac.uk,6901,1010,gate,UKI-NORTHGRID-MAN-HEP,2
1441821000,32913848,alicegrid103.ba.infn.it,storm-se-01.ba.infn.it,12,1000,gate,INFN-BARI,0
1441821000,32913848,alicegrid103.ba.infn.it,storm-se-01.ba.infn.it,8423288,1000,gate,INFN-BARI,1
1441821000,32913848,marsedpm.in2p3.fr,alicegrid103.ba.infn.it,73039,2030,gate,INFN-BARI,2
1441821000,32913848,bohr3226.tier2.hep.manchester.ac.uk,alicegrid103.ba.infn.it,501843312,29370,gate,INFN-BARI,2
1441821000,32913848,dc2-grid-64.brunel.ac.uk,alicegrid103.ba.infn.it,6901,2050,gate,INFN-BARI,2
1441831218,32913849,wn1904250.tier2.hep.manchester.ac.uk,bohr3226.tier2.hep.manchester.ac.uk,12,1010,gate,UKI-NORTHGRID-MAN-HEP,0
1441831218,32913849,wn1904250.tier2.hep.manchester.ac.uk,bohr3226.tier2.hep.manchester.ac.uk,8296421,1290,gate,UKI-NORTHGRID-MAN-HEP,1
1441831218,32913849,tbn18.nikhef.nl,wn1904250.tier2.hep.manchester.ac.uk,73039,1010,gate,UKI-NORTHGRID-MAN-HEP,2
1441831218,32913849,bohr3226.tier2.hep.manchester.ac.uk,wn1904250.tier2.hep.manchester.ac.uk,501843312,5010,gate,UKI-NORTHGRID-MAN-HEP,2
1441831218,32913849,dc2-grid-64.brunel.ac.uk,wn1904250.tier2.hep.manchester.ac.uk,6901,1010,gate,UKI-NORTHGRID-MAN-HEP,2
1441882827,32921385,wn084.hep.uk,lcgse0.shef.ac.uk,12,2030,gate,UKI-NORTHGRID-SHEF-HEP,0
1441882827,32921385,wn084.hep.uk,lcgse0.shef.ac.uk,8199953,7310,gate,UKI-NORTHGRID-SHEF-HEP,1
1441882827,32921385,ccsrm02.in2p3.fr,wn084.hep.uk,73039,2100,gate,UKI-NORTHGRID-SHEF-HEP,2
1441882827,32921385,ccsrm02.in2p3.fr,wn084.hep.uk,501843312,594180,gate,UKI-NORTHGRID-SHEF-HEP,2
1441882827,32921385,dc2-grid-64.brunel.ac.uk,wn084.hep.uk,6901,1040,gate,UKI-NORTHGRID-SHEF-HEP,2
1441881872,32921384,cn206.uk,se03.esc.qmul.ac.uk,12,1230,gate,UKI-LT2-QMUL,0
1441881872,32921384,cn206.uk,se03.esc.qmul.ac.uk,8200667,1020,gate,UKI-LT2-QMUL,1
1441881872,32921384,tbn18.nikhef.nl,cn206.uk,73039,2020,gate,UKI-LT2-QMUL,2
1441881872,32921384,srm-biomed.gridpp.rl.ac.uk,cn206.uk,501843312,6020,gate,UKI-LT2-QMUL,2
1441881872,32921384,dc2-grid-64.brunel.ac.uk,cn206.uk,6901,1020,gate,UKI-LT2-QMUL,2
1441820872,32913852,pccms95.ba.infn.it,sbgse1.in2p3.fr,12,2040,gate,INFN-BARI,0
1441820872,32913852,pccms95.ba.infn.it,storm-se-01.ba.infn.it,8204644,1010,gate,INFN-BARI,1
1441820872,32913852,marsedpm.in2p3.fr,pccms95.ba.infn.it,73039,2140,gate,INFN-BARI,2
1441820872,32913852,ccsrm02.in2p3.fr,pccms95.ba.infn.it,501843312,13730,gate,INFN-BARI,2
1441820872,32913852,dc2-grid-64.brunel.ac.uk,pccms95.ba.infn.it,6901,1040,gate,INFN-BARI,2
1441821357,32913853,pccms124.ba.infn.it,storm-se-01.ba.infn.it,12,1030,gate,INFN-BARI,0
1441821357,32913853,pccms124.ba.infn.it,storm-se-01.ba.infn.it,8441385,1030,gate,INFN-BARI,1
1441821357,32913853,marsedpm.in2p3.fr,pccms124.ba.infn.it,73039,1030,gate,INFN-BARI,2
1441821357,32913853,sbgse1.in2p3.fr,pccms124.ba.infn.it,501843312,32630,gate,INFN-BARI,2
1441821357,32913853,dc2-grid-64.brunel.ac.uk,pccms124.ba.infn.it,6901,2050,gate,INFN-BARI,2
1441831167,32913854,wn1206190.tier2.hep.manchester.ac.uk,bohr3226.tier2.hep.manchester.ac.uk,12,1000,gate,UKI-NORTHGRID-MAN-HEP,0
1441831167,32913854,wn1206190.tier2.hep.manchester.ac.uk,bohr3226.tier2.hep.manchester.ac.uk,8325113,1070,gate,UKI-NORTHGRID-MAN-HEP,1
1441831167,32913854,tbn18.nikhef.nl,wn1206190.tier2.hep.manchester.ac.uk,73039,1020,gate,UKI-NORTHGRID-MAN-HEP,2
1441831167,32913854,bohr3226.tier2.hep.manchester.ac.uk,wn1206190.tier2.hep.manchester.ac.uk,501843312,5000,gate,UKI-NORTHGRID-MAN-HEP,2
1441831167,32913854,dc2-grid-64.brunel.ac.uk,wn1206190.tier2.hep.manchester.ac.uk,6901,1010,gate,UKI-NORTHGRID-MAN-HEP,2
1441831718,32913855,wn1206201.tier2.hep.manchester.ac.uk,bohr3226.tier2.hep.manchester.ac.uk,12,1000,gate,UKI-NORTHGRID-MAN-HEP,0
1441831718,32913855,wn1206201.tier2.hep.manchester.ac.uk,bohr3226.tier2.hep.manchester.ac.uk,8270755,1430,gate,UKI-NORTHGRID-MAN-HEP,1
1441831718,32913855,marsedpm.in2p3.fr,wn1206201.tier2.hep.manchester.ac.uk,73039,1020,gate,UKI-NORTHGRID-MAN-HEP,2
1441831718,32913855,bohr3226.tier2.hep.manchester.ac.uk,wn1206201.tier2.hep.manchester.ac.uk,501843312,5000,gate,UKI-NORTHGRID-MAN-HEP,2
1441831718,32913855,dc2-grid-64.brunel.ac.uk,wn1206201.tier2.hep.manchester.ac.uk,6901,1010,gate,UKI-NORTHGRID-MAN-HEP,2
1441844345,32917408,wn1910300.tier2.hep.manchester.ac.uk,bohr3226.tier2.hep.manchester.ac.uk,12,1010,gate,UKI-NORTHGRID-MAN-HEP,0
1441844345,32917408,wn1910300.tier2.hep.manchester.ac.uk,bohr3226.tier2.hep.manchester.ac.uk,8134943,1010,gate,UKI-NORTHGRID-MAN-HEP,1
1441844345,32917408,marsedpm.in2p3.fr,wn1910300.tier2.hep.manchester.ac.uk,73039,1030,gate,UKI-NORTHGRID-MAN-HEP,2
1441844345,32917408,bohr3226.tier2.hep.manchester.ac.uk,wn1910300.tier2.hep.manchester.ac.uk,501843312,5010,gate,UKI-NORTHGRID-MAN-HEP,2
1441844345,32917408,dc2-grid-64.brunel.ac.uk,wn1910300.tier2.hep.manchester.ac.uk,6901,1010,gate,UKI-NORTHGRID-MAN-HEP,2
1441830188,32913857,wn1206250.tier2.hep.manchester.ac.uk,bohr3226.tier2.hep.manchester.ac.uk,12,1010,gate,UKI-NORTHGRID-MAN-HEP,0
1441830188,32913857,wn1206250.tier2.hep.manchester.ac.uk,bohr3226.tier2.hep.manchester.ac.uk,8394742,1140,gate,UKI-NORTHGRID-MAN-HEP,1
1441830188,32913857,ccsrm02.in2p3.fr,wn1206250.tier2.hep.manchester.ac.uk,73039,1020,gate,UKI-NORTHGRID-MAN-HEP,2
1441830188,32913857,bohr3226.tier2.hep.manchester.ac.uk,wn1206250.tier2.hep.manchester.ac.uk,501843312,6000,gate,UKI-NORTHGRID-MAN-HEP,2
1441830188,32913857,dc2-grid-64.brunel.ac.uk,wn1206250.tier2.hep.manchester.ac.uk,6901,1020,gate,UKI-NORTHGRID-MAN-HEP,2
1441882426,32921379,cn212.uk,se03.esc.qmul.ac.uk,12,1020,gate,UKI-LT2-QMUL,0
1441882426,32921379,cn212.uk,se03.esc.qmul.ac.uk,8191107,3050,gate,UKI-LT2-QMUL,1
1441882426,32921379,tbn18.nikhef.nl,cn212.uk,73039,1010,gate,UKI-LT2-QMUL,2
1441882426,32921379,srm-biomed.gridpp.rl.ac.uk,cn212.uk,501843312,17020,gate,UKI-LT2-QMUL,2
1441882426,32921379,dc2-grid-64.brunel.ac.uk,cn212.uk,6901,1010,gate,UKI-LT2-QMUL,2
1441821826,32913859,pccms84.ba.infn.it,storm-se-01.ba.infn.it,12,1010,gate,INFN-BARI,0
1441821826,32913859,pccms84.ba.infn.it,storm-se-01.ba.infn.it,8227093,1010,gate,INFN-BARI,1
1441821826,32913859,tbn18.nikhef.nl,pccms84.ba.infn.it,73039,2040,gate,INFN-BARI,2
1441821826,32913859,marsedpm.in2p3.fr,pccms84.ba.infn.it,501843312,51340,gate,INFN-BARI,2
1441821826,32913859,dc2-grid-64.brunel.ac.uk,pccms84.ba.infn.it,6901,2060,gate,INFN-BARI,2
1441831958,32913860,wn1905291.tier2.hep.manchester.ac.uk,bohr3226.tier2.hep.manchester.ac.uk,12,1010,gate,UKI-NORTHGRID-MAN-HEP,0
1441831958,32913860,wn1905291.tier2.hep.manchester.ac.uk,bohr3226.tier2.hep.manchester.ac.uk,8166036,11070,gate,UKI-NORTHGRID-MAN-HEP,1
1441831958,32913860,tbn18.nikhef.nl,wn1905291.tier2.hep.manchester.ac.uk,73039,1020,gate,UKI-NORTHGRID-MAN-HEP,2
1441831958,32913860,bohr3226.tier2.hep.manchester.ac.uk,wn1905291.tier2.hep.manchester.ac.uk,501843312,5010,gate,UKI-NORTHGRID-MAN-HEP,2
1441831958,32913860,dc2-grid-64.brunel.ac.uk,wn1905291.tier2.hep.manchester.ac.uk,6901,1010,gate,UKI-NORTHGRID-MAN-HEP,2
1441882162,32921375,cn210.uk,se03.esc.qmul.ac.uk,12,1040,gate,UKI-LT2-QMUL,0
1441882162,32921375,cn210.uk,se03.esc.qmul.ac.uk,8180757,1050,gate,UKI-LT2-QMUL,1
1441882162,32921375,marsedpm.in2p3.fr,cn210.uk,73039,1040,gate,UKI-LT2-QMUL,2
1441882162,32921375,ccsrm02.in2p3.fr,cn210.uk,501843312,22130,gate,UKI-LT2-QMUL,2
1441882162,32921375,dc2-grid-64.brunel.ac.uk,cn210.uk,6901,1030,gate,UKI-LT2-QMUL,2
1441833499,32913862,wn1206201.tier2.hep.manchester.ac.uk,bohr3226.tier2.hep.manchester.ac.uk,12,1000,gate,UKI-NORTHGRID-MAN-HEP,0
1441833499,32913862,wn1206201.tier2.hep.manchester.ac.uk,bohr3226.tier2.hep.manchester.ac.uk,8324573,1060,gate,UKI-NORTHGRID-MAN-HEP,1
1441833499,32913862,tbn18.nikhef.nl,wn1206201.tier2.hep.manchester.ac.uk,73039,1010,gate,UKI-NORTHGRID-MAN-HEP,2
1441833499,32913862,bohr3226.tier2.hep.manchester.ac.uk,wn1206201.tier2.hep.manchester.ac.uk,501843312,5010,gate,UKI-NORTHGRID-MAN-HEP,2
1441833499,32913862,dc2-grid-64.brunel.ac.uk,wn1206201.tier2.hep.manchester.ac.uk,6901,1010,gate,UKI-NORTHGRID-MAN-HEP,2
1441831247,32913863,wn2205190.tier2.hep.manchester.ac.uk,bohr3226.tier2.hep.manchester.ac.uk,12,1000,gate,UKI-NORTHGRID-MAN-HEP,0
1441831247,32913863,wn2205190.tier2.hep.manchester.ac.uk,bohr3226.tier2.hep.manchester.ac.uk,8311314,1420,gate,UKI-NORTHGRID-MAN-HEP,1
1441831247,32913863,tbn18.nikhef.nl,wn2205190.tier2.hep.manchester.ac.uk,73039,1010,gate,UKI-NORTHGRID-MAN-HEP,2
1441831247,32913863,bohr3226.tier2.hep.manchester.ac.uk,wn2205190.tier2.hep.manchester.ac.uk,501843312,5010,gate,UKI-NORTHGRID-MAN-HEP,2
1441831247,32913863,dc2-grid-64.brunel.ac.uk,wn2205190.tier2.hep.manchester.ac.uk,6901,1020,gate,UKI-NORTHGRID-MAN-HEP,2
1441832443,32913864,wn1905191.tier2.hep.manchester.ac.uk,bohr3226.tier2.hep.manchester.ac.uk,12,2000,gate,UKI-NORTHGRID-MAN-HEP,0
1441832443,32913864,wn1905191.tier2.hep.manchester.ac.uk,bohr3226.tier2.hep.manchester.ac.uk,8316078,1050,gate,UKI-NORTHGRID-MAN-HEP,1
1441832443,32913864,ccsrm02.in2p3.fr,wn1905191.tier2.hep.manchester.ac.uk,73039,1020,gate,UKI-NORTHGRID-MAN-HEP,2
1441832443,32913864,bohr3226.tier2.hep.manchester.ac.uk,wn1905191.tier2.hep.manchester.ac.uk,501843312,6000,gate,UKI-NORTHGRID-MAN-HEP,2
1441832443,32913864,dc2-grid-64.brunel.ac.uk,wn1905191.tier2.hep.manchester.ac.uk,6901,1020,gate,UKI-NORTHGRID-MAN-HEP,2
1441831200,32913865,wn1207291.tier2.hep.manchester.ac.uk,bohr3226.tier2.hep.manchester.ac.uk,12,1000,gate,UKI-NORTHGRID-MAN-HEP,0
1441831200,32913865,wn1207291.tier2.hep.manchester.ac.uk,bohr3226.tier2.hep.manchester.ac.uk,8334846,1060,gate,UKI-NORTHGRID-MAN-HEP,1
1441831200,32913865,tbn18.nikhef.nl,wn1207291.tier2.hep.manchester.ac.uk,73039,1020,gate,UKI-NORTHGRID-MAN-HEP,2
1441831200,32913865,bohr3226.tier2.hep.manchester.ac.uk,wn1207291.tier2.hep.manchester.ac.uk,501843312,6010,gate,UKI-NORTHGRID-MAN-HEP,2
1441831200,32913865,dc2-grid-64.brunel.ac.uk,wn1207291.tier2.hep.manchester.ac.uk,6901,1010,gate,UKI-NORTHGRID-MAN-HEP,2
1441831688,32913866,wn1905291.tier2.hep.manchester.ac.uk,bohr3226.tier2.hep.manchester.ac.uk,12,1010,gate,UKI-NORTHGRID-MAN-HEP,0
1441831688,32913866,wn1905291.tier2.hep.manchester.ac.uk,bohr3226.tier2.hep.manchester.ac.uk,8345133,1280,gate,UKI-NORTHGRID-MAN-HEP,1
1441831688,32913866,tbn18.nikhef.nl,wn1905291.tier2.hep.manchester.ac.uk,73039,1020,gate,UKI-NORTHGRID-MAN-HEP,2
1441831688,32913866,bohr3226.tier2.hep.manchester.ac.uk,wn1905291.tier2.hep.manchester.ac.uk,501843312,5010,gate,UKI-NORTHGRID-MAN-HEP,2
1441831688,32913866,dc2-grid-64.brunel.ac.uk,wn1905291.tier2.hep.manchester.ac.uk,6901,1010,gate,UKI-NORTHGRID-MAN-HEP,2
1441882082,32921377,cn201.uk,se03.esc.qmul.ac.uk,12,1010,gate,UKI-LT2-QMUL,0
1441882082,32921377,cn201.uk,se03.esc.qmul.ac.uk,8097393,1260,gate,UKI-LT2-QMUL,1
1441882082,32921377,marsedpm.in2p3.fr,cn201.uk,73039,1050,gate,UKI-LT2-QMUL,2
1441882082,32921377,marsedpm.in2p3.fr,cn201.uk,501843312,10060,gate,UKI-LT2-QMUL,2
1441882082,32921377,dc2-grid-64.brunel.ac.uk,cn201.uk,6901,1050,gate,UKI-LT2-QMUL,2
1441833533,32913868,wn2205190.tier2.hep.manchester.ac.uk,bohr3226.tier2.hep.manchester.ac.uk,12,1010,gate,UKI-NORTHGRID-MAN-HEP,0
1441833533,32913868,wn2205190.tier2.hep.manchester.ac.uk,bohr3226.tier2.hep.manchester.ac.uk,8292727,1140,gate,UKI-NORTHGRID-MAN-HEP,1
1441833533,32913868,ccsrm02.in2p3.fr,wn2205190.tier2.hep.manchester.ac.uk,73039,1030,gate,UKI-NORTHGRID-MAN-HEP,2
1441833533,32913868,bohr3226.tier2.hep.manchester.ac.uk,wn2205190.tier2.hep.manchester.ac.uk,501843312,5000,gate,UKI-NORTHGRID-MAN-HEP,2
1441833533,32913868,dc2-grid-64.brunel.ac.uk,wn2205190.tier2.hep.manchester.ac.uk,6901,1010,gate,UKI-NORTHGRID-MAN-HEP,2
1441881787,32921382,cn206.uk,se03.esc.qmul.ac.uk,12,1010,gate,UKI-LT2-QMUL,0
1441881787,32921382,cn206.uk,se03.esc.qmul.ac.uk,8197067,3150,gate,UKI-LT2-QMUL,1
1441881787,32921382,marsedpm.in2p3.fr,cn206.uk,73039,2030,gate,UKI-LT2-QMUL,2
1441881787,32921382,bohr3226.tier2.hep.manchester.ac.uk,cn206.uk,501843312,4030,gate,UKI-LT2-QMUL,2
1441881787,32921382,dc2-grid-64.brunel.ac.uk,cn206.uk,6901,1010,gate,UKI-LT2-QMUL,2
1441833537,32913870,wn2206291.tier2.hep.manchester.ac.uk,bohr3226.tier2.hep.manchester.ac.uk,12,1010,gate,UKI-NORTHGRID-MAN-HEP,0
1441833537,32913870,wn2206291.tier2.hep.manchester.ac.uk,bohr3226.tier2.hep.manchester.ac.uk,8292345,1050,gate,UKI-NORTHGRID-MAN-HEP,1
1441833537,32913870,ccsrm02.in2p3.fr,wn2206291.tier2.hep.manchester.ac.uk,73039,2030,gate,UKI-NORTHGRID-MAN-HEP,2
1441833537,32913870,bohr3226.tier2.hep.manchester.ac.uk,wn2206291.tier2.hep.manchester.ac.uk,501843312,5000,gate,UKI-NORTHGRID-MAN-HEP,2
1441833537,32913870,dc2-grid-64.brunel.ac.uk,wn2206291.tier2.hep.manchester.ac.uk,6901,1010,gate,UKI-NORTHGRID-MAN-HEP,2
1441881960,32921389,cn212.uk,se03.esc.qmul.ac.uk,12,1010,gate,UKI-LT2-QMUL,0
1441881960,32921389,cn212.uk,se03.esc.qmul.ac.uk,8190584,1010,gate,UKI-LT2-QMUL,1
1441881960,32921389,tbn18.nikhef.nl,cn212.uk,73039,1010,gate,UKI-LT2-QMUL,2
1441881960,32921389,ccsrm02.in2p3.fr,cn212.uk,501843312,14300,gate,UKI-LT2-QMUL,2
1441881960,32921389,dc2-grid-64.brunel.ac.uk,cn212.uk,6901,1030,gate,UKI-LT2-QMUL,2
1441829644,32913872,alicegrid57.ba.infn.it,ccsrm02.in2p3.fr,12,2020,gate,INFN-BARI,0
1441829644,32913872,alicegrid57.ba.infn.it,storm-se-01.ba.infn.it,8200070,1010,gate,INFN-BARI,1
1441829644,32913872,marsedpm.in2p3.fr,alicegrid57.ba.infn.it,73039,1030,gate,INFN-BARI,2
1441829644,32913872,sbgse1.in2p3.fr,alicegrid57.ba.infn.it,501843312,21250,gate,INFN-BARI,2
1441829644,32913872,dc2-grid-64.brunel.ac.uk,alicegrid57.ba.infn.it,6901,2340,gate,INFN-BARI,2
1441832751,32913873,wn1208191.tier2.hep.manchester.ac.uk,bohr3226.tier2.hep.manchester.ac.uk,12,1000,gate,UKI-NORTHGRID-MAN-HEP,0
1441832751,32913873,wn1208191.tier2.hep.manchester.ac.uk,bohr3226.tier2.hep.manchester.ac.uk,8301842,1060,gate,UKI-NORTHGRID-MAN-HEP,1
1441832751,32913873,tbn18.nikhef.nl,wn1208191.tier2.hep.manchester.ac.uk,73039,1010,gate,UKI-NORTHGRID-MAN-HEP,2
1441832751,32913873,bohr3226.tier2.hep.manchester.ac.uk,wn1208191.tier2.hep.manchester.ac.uk,501843312,6000,gate,UKI-NORTHGRID-MAN-HEP,2
1441832751,32913873,dc2-grid-64.brunel.ac.uk,wn1208191.tier2.hep.manchester.ac.uk,6901,1010,gate,UKI-NORTHGRID-MAN-HEP,2
1441832762,32913874,wn2205200.tier2.hep.manchester.ac.uk,bohr3226.tier2.hep.manchester.ac.uk,12,1000,gate,UKI-NORTHGRID-MAN-HEP,0
1441832762,32913874,wn2205200.tier2.hep.manchester.ac.uk,bohr3226.tier2.hep.manchester.ac.uk,8307446,1050,gate,UKI-NORTHGRID-MAN-HEP,1
1441832762,32913874,tbn18.nikhef.nl,wn2205200.tier2.hep.manchester.ac.uk,73039,1020,gate,UKI-NORTHGRID-MAN-HEP,2
1441832762,32913874,bohr3226.tier2.hep.manchester.ac.uk,wn2205200.tier2.hep.manchester.ac.uk,501843312,5010,gate,UKI-NORTHGRID-MAN-HEP,2
1441832762,32913874,dc2-grid-64.brunel.ac.uk,wn2205200.tier2.hep.manchester.ac.uk,6901,1010,gate,UKI-NORTHGRID-MAN-HEP,2
1441834992,32913875,wn1207191.tier2.hep.manchester.ac.uk,bohr3226.tier2.hep.manchester.ac.uk,12,1010,gate,UKI-NORTHGRID-MAN-HEP,0
1441834992,32913875,wn1207191.tier2.hep.manchester.ac.uk,bohr3226.tier2.hep.manchester.ac.uk,8261802,1050,gate,UKI-NORTHGRID-MAN-HEP,1
1441834992,32913875,tbn18.nikhef.nl,wn1207191.tier2.hep.manchester.ac.uk,73039,1020,gate,UKI-NORTHGRID-MAN-HEP,2
1441834992,32913875,bohr3226.tier2.hep.manchester.ac.uk,wn1207191.tier2.hep.manchester.ac.uk,501843312,5010,gate,UKI-NORTHGRID-MAN-HEP,2
1441834992,32913875,dc2-grid-64.brunel.ac.uk,wn1207191.tier2.hep.manchester.ac.uk,6901,1020,gate,UKI-NORTHGRID-MAN-HEP,2
1441831130,32913876,wn2206301.tier2.hep.manchester.ac.uk,bohr3226.tier2.hep.manchester.ac.uk,12,1010,gate,UKI-NORTHGRID-MAN-HEP,0
1441831130,32913876,wn2206301.tier2.hep.manchester.ac.uk,bohr3226.tier2.hep.manchester.ac.uk,8350170,1550,gate,UKI-NORTHGRID-MAN-HEP,1
1441831130,32913876,marsedpm.in2p3.fr,wn2206301.tier2.hep.manchester.ac.uk,73039,1030,gate,UKI-NORTHGRID-MAN-HEP,2
1441831130,32913876,bohr3226.tier2.hep.manchester.ac.uk,wn2206301.tier2.hep.manchester.ac.uk,501843312,5010,gate,UKI-NORTHGRID-MAN-HEP,2
1441831130,32913876,dc2-grid-64.brunel.ac.uk,wn2206301.tier2.hep.manchester.ac.uk,6901,1020,gate,UKI-NORTHGRID-MAN-HEP,2
1441832312,32913877,wn1206300.tier2.hep.manchester.ac.uk,bohr3226.tier2.hep.manchester.ac.uk,12,1010,gate,UKI-NORTHGRID-MAN-HEP,0
1441832312,32913877,wn1206300.tier2.hep.manchester.ac.uk,bohr3226.tier2.hep.manchester.ac.uk,8339996,1050,gate,UKI-NORTHGRID-MAN-HEP,1
1441832312,32913877,ccsrm02.in2p3.fr,wn1206300.tier2.hep.manchester.ac.uk,73039,2020,gate,UKI-NORTHGRID-MAN-HEP,2
1441832312,32913877,bohr3226.tier2.hep.manchester.ac.uk,wn1206300.tier2.hep.manchester.ac.uk,501843312,5000,gate,UKI-NORTHGRID-MAN-HEP,2
1441832312,32913877,dc2-grid-64.brunel.ac.uk,wn1206300.tier2.hep.manchester.ac.uk,6901,1010,gate,UKI-NORTHGRID-MAN-HEP,2
1441832598,32913878,wn2206191.tier2.hep.manchester.ac.uk,bohr3226.tier2.hep.manchester.ac.uk,12,1010,gate,UKI-NORTHGRID-MAN-HEP,0
1441832598,32913878,wn2206191.tier2.hep.manchester.ac.uk,bohr3226.tier2.hep.manchester.ac.uk,8301792,1050,gate,UKI-NORTHGRID-MAN-HEP,1
1441832598,32913878,tbn18.nikhef.nl,wn2206191.tier2.hep.manchester.ac.uk,73039,1010,gate,UKI-NORTHGRID-MAN-HEP,2
1441832598,32913878,bohr3226.tier2.hep.manchester.ac.uk,wn2206191.tier2.hep.manchester.ac.uk,501843312,5010,gate,UKI-NORTHGRID-MAN-HEP,2
1441832598,32913878,dc2-grid-64.brunel.ac.uk,wn2206191.tier2.hep.manchester.ac.uk,6901,1020,gate,UKI-NORTHGRID-MAN-HEP,2
1441830225,32913879,wn1208250.tier2.hep.manchester.ac.uk,bohr3226.tier2.hep.manchester.ac.uk,12,1000,gate,UKI-NORTHGRID-MAN-HEP,0
1441830225,32913879,wn1208250.tier2.hep.manchester.ac.uk,bohr3226.tier2.hep.manchester.ac.uk,8331739,1310,gate,UKI-NORTHGRID-MAN-HEP,1
1441830225,32913879,tbn18.nikhef.nl,wn1208250.tier2.hep.manchester.ac.uk,73039,1020,gate,UKI-NORTHGRID-MAN-HEP,2
1441830225,32913879,bohr3226.tier2.hep.manchester.ac.uk,wn1208250.tier2.hep.manchester.ac.uk,501843312,5000,gate,UKI-NORTHGRID-MAN-HEP,2
1441830225,32913879,dc2-grid-64.brunel.ac.uk,wn1208250.tier2.hep.manchester.ac.uk,6901,1020,gate,UKI-NORTHGRID-MAN-HEP,2
1441832404,32913880,wn1206201.tier2.hep.manchester.ac.uk,bohr3226.tier2.hep.manchester.ac.uk,12,1000,gate,UKI-NORTHGRID-MAN-HEP,0
1441832404,32913880,wn1206201.tier2.hep.manchester.ac.uk,bohr3226.tier2.hep.manchester.ac.uk,8320757,1060,gate,UKI-NORTHGRID-MAN-HEP,1
1441832404,32913880,marsedpm.in2p3.fr,wn1206201.tier2.hep.manchester.ac.uk,73039,1030,gate,UKI-NORTHGRID-MAN-HEP,2
1441832404,32913880,bohr3226.tier2.hep.manchester.ac.uk,wn1206201.tier2.hep.manchester.ac.uk,501843312,5000,gate,UKI-NORTHGRID-MAN-HEP,2
1441832404,32913880,dc2-grid-64.brunel.ac.uk,wn1206201.tier2.hep.manchester.ac.uk,6901,1020,gate,UKI-NORTHGRID-MAN-HEP,2
1441830768,32913881,wn1207190.tier2.hep.manchester.ac.uk,bohr3226.tier2.hep.manchester.ac.uk,12,1010,gate,UKI-NORTHGRID-MAN-HEP,0
1441830768,32913881,wn1207190.tier2.hep.manchester.ac.uk,bohr3226.tier2.hep.manchester.ac.uk,8375377,1040,gate,UKI-NORTHGRID-MAN-HEP,1
1441830768,32913881,marsedpm.in2p3.fr,wn1207190.tier2.hep.manchester.ac.uk,73039,1030,gate,UKI-NORTHGRID-MAN-HEP,2
1441830768,32913881,bohr3226.tier2.hep.manchester.ac.uk,wn1207190.tier2.hep.manchester.ac.uk,501843312,5010,gate,UKI-NORTHGRID-MAN-HEP,2
1441830768,32913881,dc2-grid-64.brunel.ac.uk,wn1207190.tier2.hep.manchester.ac.uk,6901,1010,gate,UKI-NORTHGRID-MAN-HEP,2
1441833357,32913882,wn1206190.tier2.hep.manchester.ac.uk,bohr3226.tier2.hep.manchester.ac.uk,12,1000,gate,UKI-NORTHGRID-MAN-HEP,0
1441833357,32913882,wn1206190.tier2.hep.manchester.ac.uk,bohr3226.tier2.hep.manchester.ac.uk,8284642,1060,gate,UKI-NORTHGRID-MAN-HEP,1
1441833357,32913882,tbn18.nikhef.nl,wn1206190.tier2.hep.manchester.ac.uk,73039,1020,gate,UKI-NORTHGRID-MAN-HEP,2
1441833357,32913882,bohr3226.tier2.hep.manchester.ac.uk,wn1206190.tier2.hep.manchester.ac.uk,501843312,5000,gate,UKI-NORTHGRID-MAN-HEP,2
1441833357,32913882,dc2-grid-64.brunel.ac.uk,wn1206190.tier2.hep.manchester.ac.uk,6901,1010,gate,UKI-NORTHGRID-MAN-HEP,2
1441833408,32913883,wn1910191.tier2.hep.manchester.ac.uk,bohr3226.tier2.hep.manchester.ac.uk,12,1000,gate,UKI-NORTHGRID-MAN-HEP,0
1441833408,32913883,wn1910191.tier2.hep.manchester.ac.uk,bohr3226.tier2.hep.manchester.ac.uk,8291333,1050,gate,UKI-NORTHGRID-MAN-HEP,1
1441833408,32913883,marsedpm.in2p3.fr,wn1910191.tier2.hep.manchester.ac.uk,73039,2030,gate,UKI-NORTHGRID-MAN-HEP,2
1441833408,32913883,bohr3226.tier2.hep.manchester.ac.uk,wn1910191.tier2.hep.manchester.ac.uk,501843312,5010,gate,UKI-NORTHGRID-MAN-HEP,2
1441833408,32913883,dc2-grid-64.brunel.ac.uk,wn1910191.tier2.hep.manchester.ac.uk,6901,1010,gate,UKI-NORTHGRID-MAN-HEP,2
1441833147,32913884,wn1207291.tier2.hep.manchester.ac.uk,bohr3226.tier2.hep.manchester.ac.uk,12,1000,gate,UKI-NORTHGRID-MAN-HEP,0
1441833147,32913884,wn1207291.tier2.hep.manchester.ac.uk,bohr3226.tier2.hep.manchester.ac.uk,8292839,1120,gate,UKI-NORTHGRID-MAN-HEP,1
1441833147,32913884,tbn18.nikhef.nl,wn1207291.tier2.hep.manchester.ac.uk,73039,1010,gate,UKI-NORTHGRID-MAN-HEP,2
1441833147,32913884,bohr3226.tier2.hep.manchester.ac.uk,wn1207291.tier2.hep.manchester.ac.uk,501843312,5000,gate,UKI-NORTHGRID-MAN-HEP,2
1441833147,32913884,dc2-grid-64.brunel.ac.uk,wn1207291.tier2.hep.manchester.ac.uk,6901,1010,gate,UKI-NORTHGRID-MAN-HEP,2
1441832655,32913885,wn1904251.tier2.hep.manchester.ac.uk,bohr3226.tier2.hep.manchester.ac.uk,12,1000,gate,UKI-NORTHGRID-MAN-HEP,0
1441832655,32913885,wn1904251.tier2.hep.manchester.ac.uk,bohr3226.tier2.hep.manchester.ac.uk,8312167,1320,gate,UKI-NORTHGRID-MAN-HEP,1
1441832655,32913885,ccsrm02.in2p3.fr,wn1904251.tier2.hep.manchester.ac.uk,73039,2020,gate,UKI-NORTHGRID-MAN-HEP,2
1441832655,32913885,bohr3226.tier2.hep.manchester.ac.uk,wn1904251.tier2.hep.manchester.ac.uk,501843312,5000,gate,UKI-NORTHGRID-MAN-HEP,2
1441832655,32913885,dc2-grid-64.brunel.ac.uk,wn1904251.tier2.hep.manchester.ac.uk,6901,1010,gate,UKI-NORTHGRID-MAN-HEP,2
1441831957,32913886,wn1905300.tier2.hep.manchester.ac.uk,bohr3226.tier2.hep.manchester.ac.uk,12,1000,gate,UKI-NORTHGRID-MAN-HEP,0
1441831957,32913886,wn1905300.tier2.hep.manchester.ac.uk,bohr3226.tier2.hep.manchester.ac.uk,8331005,1960,gate,UKI-NORTHGRID-MAN-HEP,1
1441831957,32913886,marsedpm.in2p3.fr,wn1905300.tier2.hep.manchester.ac.uk,73039,1030,gate,UKI-NORTHGRID-MAN-HEP,2
1441831957,32913886,bohr3226.tier2.hep.manchester.ac.uk,wn1905300.tier2.hep.manchester.ac.uk,501843312,5000,gate,UKI-NORTHGRID-MAN-HEP,2
1441831957,32913886,dc2-grid-64.brunel.ac.uk,wn1905300.tier2.hep.manchester.ac.uk,6901,1010,gate,UKI-NORTHGRID-MAN-HEP,2
1441833637,32913887,wn1909251.tier2.hep.manchester.ac.uk,bohr3226.tier2.hep.manchester.ac.uk,12,1010,gate,UKI-NORTHGRID-MAN-HEP,0
1441833637,32913887,wn1909251.tier2.hep.manchester.ac.uk,bohr3226.tier2.hep.manchester.ac.uk,8292018,1050,gate,UKI-NORTHGRID-MAN-HEP,1
1441833637,32913887,marsedpm.in2p3.fr,wn1909251.tier2.hep.manchester.ac.uk,73039,1030,gate,UKI-NORTHGRID-MAN-HEP,2
1441833637,32913887,bohr3226.tier2.hep.manchester.ac.uk,wn1909251.tier2.hep.manchester.ac.uk,501843312,5000,gate,UKI-NORTHGRID-MAN-HEP,2
1441833637,32913887,dc2-grid-64.brunel.ac.uk,wn1909251.tier2.hep.manchester.ac.uk,6901,1010,gate,UKI-NORTHGRID-MAN-HEP,2
1441830856,32913888,wn2206250.tier2.hep.manchester.ac.uk,bohr3226.tier2.hep.manchester.ac.uk,12,1010,gate,UKI-NORTHGRID-MAN-HEP,0
1441830856,32913888,wn2206250.tier2.hep.manchester.ac.uk,bohr3226.tier2.hep.manchester.ac.uk,8354327,1050,gate,UKI-NORTHGRID-MAN-HEP,1
1441830856,32913888,tbn18.nikhef.nl,wn2206250.tier2.hep.manchester.ac.uk,73039,1010,gate,UKI-NORTHGRID-MAN-HEP,2
1441830856,32913888,bohr3226.tier2.hep.manchester.ac.uk,wn2206250.tier2.hep.manchester.ac.uk,501843312,5000,gate,UKI-NORTHGRID-MAN-HEP,2
1441830856,32913888,dc2-grid-64.brunel.ac.uk,wn2206250.tier2.hep.manchester.ac.uk,6901,1010,gate,UKI-NORTHGRID-MAN-HEP,2
1441830642,32913889,wn1205200.tier2.hep.manchester.ac.uk,bohr3226.tier2.hep.manchester.ac.uk,12,1010,gate,UKI-NORTHGRID-MAN-HEP,0
1441830642,32913889,wn1205200.tier2.hep.manchester.ac.uk,bohr3226.tier2.hep.manchester.ac.uk,8487991,1000,gate,UKI-NORTHGRID-MAN-HEP,1
1441830642,32913889,tbn18.nikhef.nl,wn1205200.tier2.hep.manchester.ac.uk,73039,1020,gate,UKI-NORTHGRID-MAN-HEP,2
1441830642,32913889,bohr3226.tier2.hep.manchester.ac.uk,wn1205200.tier2.hep.manchester.ac.uk,501843312,5010,gate,UKI-NORTHGRID-MAN-HEP,2
1441830642,32913889,dc2-grid-64.brunel.ac.uk,wn1205200.tier2.hep.manchester.ac.uk,6901,1010,gate,UKI-NORTHGRID-MAN-HEP,2
1441833883,32913890,wn1909290.tier2.hep.manchester.ac.uk,bohr3226.tier2.hep.manchester.ac.uk,12,1010,gate,UKI-NORTHGRID-MAN-HEP,0
1441833883,32913890,wn1909290.tier2.hep.manchester.ac.uk,bohr3226.tier2.hep.manchester.ac.uk,8279955,1050,gate,UKI-NORTHGRID-MAN-HEP,1
1441833883,32913890,ccsrm02.in2p3.fr,wn1909290.tier2.hep.manchester.ac.uk,73039,1020,gate,UKI-NORTHGRID-MAN-HEP,2
1441833883,32913890,bohr3226.tier2.hep.manchester.ac.uk,wn1909290.tier2.hep.manchester.ac.uk,501843312,5000,gate,UKI-NORTHGRID-MAN-HEP,2
1441833883,32913890,dc2-grid-64.brunel.ac.uk,wn1909290.tier2.hep.manchester.ac.uk,6901,1020,gate,UKI-NORTHGRID-MAN-HEP,2
1441831865,32913891,wn1206201.tier2.hep.manchester.ac.uk,bohr3226.tier2.hep.manchester.ac.uk,12,1000,gate,UKI-NORTHGRID-MAN-HEP,0
1441831865,32913891,wn1206201.tier2.hep.manchester.ac.uk,bohr3226.tier2.hep.manchester.ac.uk,8253371,1590,gate,UKI-NORTHGRID-MAN-HEP,1
1441831865,32913891,tbn18.nikhef.nl,wn1206201.tier2.hep.manchester.ac.uk,73039,1020,gate,UKI-NORTHGRID-MAN-HEP,2
1441831865,32913891,bohr3226.tier2.hep.manchester.ac.uk,wn1206201.tier2.hep.manchester.ac.uk,501843312,5010,gate,UKI-NORTHGRID-MAN-HEP,2
1441831865,32913891,dc2-grid-64.brunel.ac.uk,wn1206201.tier2.hep.manchester.ac.uk,6901,1010,gate,UKI-NORTHGRID-MAN-HEP,2
1441830832,32913892,wn2205251.tier2.hep.manchester.ac.uk,bohr3226.tier2.hep.manchester.ac.uk,12,1010,gate,UKI-NORTHGRID-MAN-HEP,0
1441830832,32913892,wn2205251.tier2.hep.manchester.ac.uk,bohr3226.tier2.hep.manchester.ac.uk,8362006,1370,gate,UKI-NORTHGRID-MAN-HEP,1
1441830832,32913892,marsedpm.in2p3.fr,wn2205251.tier2.hep.manchester.ac.uk,73039,1030,gate,UKI-NORTHGRID-MAN-HEP,2
1441830832,32913892,bohr3226.tier2.hep.manchester.ac.uk,wn2205251.tier2.hep.manchester.ac.uk,501843312,5000,gate,UKI-NORTHGRID-MAN-HEP,2
1441830832,32913892,dc2-grid-64.brunel.ac.uk,wn2205251.tier2.hep.manchester.ac.uk,6901,1010,gate,UKI-NORTHGRID-MAN-HEP,2
1441882155,32921386,cn215.uk,se03.esc.qmul.ac.uk,12,1010,gate,UKI-LT2-QMUL,0
1441882155,32921386,cn215.uk,se03.esc.qmul.ac.uk,8194813,1010,gate,UKI-LT2-QMUL,1
1441882155,32921386,tbn18.nikhef.nl,cn215.uk,73039,1010,gate,UKI-LT2-QMUL,2
1441882155,32921386,marsedpm.in2p3.fr,cn215.uk,501843312,28450,gate,UKI-LT2-QMUL,2
1441882155,32921386,dc2-grid-64.brunel.ac.uk,cn215.uk,6901,1010,gate,UKI-LT2-QMUL,2
1441831567,32913894,wn1205290.tier2.hep.manchester.ac.uk,bohr3226.tier2.hep.manchester.ac.uk,12,1000,gate,UKI-NORTHGRID-MAN-HEP,0
1441831567,32913894,wn1205290.tier2.hep.manchester.ac.uk,bohr3226.tier2.hep.manchester.ac.uk,8386673,1010,gate,UKI-NORTHGRID-MAN-HEP,1
1441831567,32913894,marsedpm.in2p3.fr,wn1205290.tier2.hep.manchester.ac.uk,73039,1030,gate,UKI-NORTHGRID-MAN-HEP,2
1441831567,32913894,bohr3226.tier2.hep.manchester.ac.uk,wn1205290.tier2.hep.manchester.ac.uk,501843312,5000,gate,UKI-NORTHGRID-MAN-HEP,2
1441831567,32913894,dc2-grid-64.brunel.ac.uk,wn1205290.tier2.hep.manchester.ac.uk,6901,1010,gate,UKI-NORTHGRID-MAN-HEP,2
1441831498,32913895,wn1904241.tier2.hep.manchester.ac.uk,bohr3226.tier2.hep.manchester.ac.uk,12,1000,gate,UKI-NORTHGRID-MAN-HEP,0
1441831498,32913895,wn1904241.tier2.hep.manchester.ac.uk,bohr3226.tier2.hep.manchester.ac.uk,8334057,1370,gate,UKI-NORTHGRID-MAN-HEP,1
1441831498,32913895,marsedpm.in2p3.fr,wn1904241.tier2.hep.manchester.ac.uk,73039,2030,gate,UKI-NORTHGRID-MAN-HEP,2
1441831498,32913895,bohr3226.tier2.hep.manchester.ac.uk,wn1904241.tier2.hep.manchester.ac.uk,501843312,5010,gate,UKI-NORTHGRID-MAN-HEP,2
1441831498,32913895,dc2-grid-64.brunel.ac.uk,wn1904241.tier2.hep.manchester.ac.uk,6901,1020,gate,UKI-NORTHGRID-MAN-HEP,2
1441831482,32913896,wn1904250.tier2.hep.manchester.ac.uk,bohr3226.tier2.hep.manchester.ac.uk,12,1000,gate,UKI-NORTHGRID-MAN-HEP,0
1441831482,32913896,wn1904250.tier2.hep.manchester.ac.uk,bohr3226.tier2.hep.manchester.ac.uk,8340018,2050,gate,UKI-NORTHGRID-MAN-HEP,1
1441831482,32913896,ccsrm02.in2p3.fr,wn1904250.tier2.hep.manchester.ac.uk,73039,2020,gate,UKI-NORTHGRID-MAN-HEP,2
1441831482,32913896,bohr3226.tier2.hep.manchester.ac.uk,wn1904250.tier2.hep.manchester.ac.uk,501843312,5000,gate,UKI-NORTHGRID-MAN-HEP,2
1441831482,32913896,dc2-grid-64.brunel.ac.uk,wn1904250.tier2.hep.manchester.ac.uk,6901,1010,gate,UKI-NORTHGRID-MAN-HEP,2
1441835822,32913897,wn1909240.tier2.hep.manchester.ac.uk,bohr3226.tier2.hep.manchester.ac.uk,12,2010,gate,UKI-NORTHGRID-MAN-HEP,0
1441835822,32913897,wn1909240.tier2.hep.manchester.ac.uk,bohr3226.tier2.hep.manchester.ac.uk,8289626,1050,gate,UKI-NORTHGRID-MAN-HEP,1
1441835822,32913897,marsedpm.in2p3.fr,wn1909240.tier2.hep.manchester.ac.uk,73039,1030,gate,UKI-NORTHGRID-MAN-HEP,2
1441835822,32913897,bohr3226.tier2.hep.manchester.ac.uk,wn1909240.tier2.hep.manchester.ac.uk,501843312,5000,gate,UKI-NORTHGRID-MAN-HEP,2
1441835822,32913897,dc2-grid-64.brunel.ac.uk,wn1909240.tier2.hep.manchester.ac.uk,6901,1010,gate,UKI-NORTHGRID-MAN-HEP,2
1441960683,32923147,wn2206250.tier2.hep.manchester.ac.uk,bohr3226.tier2.hep.manchester.ac.uk,12,1000,merge,UKI-NORTHGRID-MAN-HEP,0
1441960683,32923147,wn2206250.tier2.hep.manchester.ac.uk,bohr3226.tier2.hep.manchester.ac.uk,7400490,1010,merge,UKI-NORTHGRID-MAN-HEP,1
1441960683,32923147,wn2206250.tier2.hep.manchester.ac.uk,bohr3226.tier2.hep.manchester.ac.uk,11,1010,merge,UKI-NORTHGRID-MAN-HEP,1
1441960683,32923147,marsedpm.in2p3.fr,wn2206250.tier2.hep.manchester.ac.uk,90104427,17030,merge,UKI-NORTHGRID-MAN-HEP,2
1441960683,32923147,dc2-grid-64.brunel.ac.uk,wn2206250.tier2.hep.manchester.ac.uk,6901,1020,merge,UKI-NORTHGRID-MAN-HEP,2
1441960683,32923147,bohr3226.tier2.hep.manchester.ac.uk,wn2206250.tier2.hep.manchester.ac.uk,8332520,2000,merge,UKI-NORTHGRID-MAN-HEP,2
1441960683,32923147,bohr3226.tier2.hep.manchester.ac.uk,wn2206250.tier2.hep.manchester.ac.uk,8132048,1010,merge,UKI-NORTHGRID-MAN-HEP,2
1441960683,32923147,bohr3226.tier2.hep.manchester.ac.uk,wn2206250.tier2.hep.manchester.ac.uk,8307669,2010,merge,UKI-NORTHGRID-MAN-HEP,2
1441960683,32923147,bohr3226.tier2.hep.manchester.ac.uk,wn2206250.tier2.hep.manchester.ac.uk,8295714,1000,merge,UKI-NORTHGRID-MAN-HEP,2
1441960683,32923147,bohr3226.tier2.hep.manchester.ac.uk,wn2206250.tier2.hep.manchester.ac.uk,8107721,1000,merge,UKI-NORTHGRID-MAN-HEP,2
1441960683,32923147,bohr3226.tier2.hep.manchester.ac.uk,wn2206250.tier2.hep.manchester.ac.uk,8316440,1000,merge,UKI-NORTHGRID-MAN-HEP,2
1441960683,32923147,storm-se-01.ba.infn.it,wn2206250.tier2.hep.manchester.ac.uk,8601705,6040,merge,UKI-NORTHGRID-MAN-HEP,2
1441960683,32923147,storm-se-01.ba.infn.it,wn2206250.tier2.hep.manchester.ac.uk,8388687,4050,merge,UKI-NORTHGRID-MAN-HEP,2
1441960683,32923147,bohr3226.tier2.hep.manchester.ac.uk,wn2206250.tier2.hep.manchester.ac.uk,8433985,2010,merge,UKI-NORTHGRID-MAN-HEP,2
1441960683,32923147,storm-se-01.ba.infn.it,wn2206250.tier2.hep.manchester.ac.uk,8162462,3050,merge,UKI-NORTHGRID-MAN-HEP,2
1441960683,32923147,se03.esc.qmul.ac.uk,wn2206250.tier2.hep.manchester.ac.uk,8198152,1010,merge,UKI-NORTHGRID-MAN-HEP,2
1441960683,32923147,se03.esc.qmul.ac.uk,wn2206250.tier2.hep.manchester.ac.uk,8193238,1010,merge,UKI-NORTHGRID-MAN-HEP,2
1441960683,32923147,bohr3226.tier2.hep.manchester.ac.uk,wn2206250.tier2.hep.manchester.ac.uk,8369711,1000,merge,UKI-NORTHGRID-MAN-HEP,2
1441960683,32923147,bohr3226.tier2.hep.manchester.ac.uk,wn2206250.tier2.hep.manchester.ac.uk,8353759,2010,merge,UKI-NORTHGRID-MAN-HEP,2
1441960683,32923147,bohr3226.tier2.hep.manchester.ac.uk,wn2206250.tier2.hep.manchester.ac.uk,8143497,1000,merge,UKI-NORTHGRID-MAN-HEP,2
1441960683,32923147,bohr3226.tier2.hep.manchester.ac.uk,wn2206250.tier2.hep.manchester.ac.uk,8358694,1010,merge,UKI-NORTHGRID-MAN-HEP,2
1441960683,32923147,storm-se-01.ba.infn.it,wn2206250.tier2.hep.manchester.ac.uk,8324338,2060,merge,UKI-NORTHGRID-MAN-HEP,2
1441960683,32923147,bohr3226.tier2.hep.manchester.ac.uk,wn2206250.tier2.hep.manchester.ac.uk,8335658,2010,merge,UKI-NORTHGRID-MAN-HEP,2
1441960683,32923147,bohr3226.tier2.hep.manchester.ac.uk,wn2206250.tier2.hep.manchester.ac.uk,8200936,1000,merge,UKI-NORTHGRID-MAN-HEP,2
1441960683,32923147,bohr3226.tier2.hep.manchester.ac.uk,wn2206250.tier2.hep.manchester.ac.uk,8360286,1010,merge,UKI-NORTHGRID-MAN-HEP,2
1441960683,32923147,storm-se-01.ba.infn.it,wn2206250.tier2.hep.manchester.ac.uk,8364608,3050,merge,UKI-NORTHGRID-MAN-HEP,2
1441960683,32923147,bohr3226.tier2.hep.manchester.ac.uk,wn2206250.tier2.hep.manchester.ac.uk,8373626,2000,merge,UKI-NORTHGRID-MAN-HEP,2
1441960683,32923147,bohr3226.tier2.hep.manchester.ac.uk,wn2206250.tier2.hep.manchester.ac.uk,8143561,1010,merge,UKI-NORTHGRID-MAN-HEP,2
1441960683,32923147,bohr3226.tier2.hep.manchester.ac.uk,wn2206250.tier2.hep.manchester.ac.uk,8167329,1010,merge,UKI-NORTHGRID-MAN-HEP,2
1441960683,32923147,se03.esc.qmul.ac.uk,wn2206250.tier2.hep.manchester.ac.uk,8201057,2010,merge,UKI-NORTHGRID-MAN-HEP,2
1441960683,32923147,se03.esc.qmul.ac.uk,wn2206250.tier2.hep.manchester.ac.uk,8198141,1020,merge,UKI-NORTHGRID-MAN-HEP,2
1441960683,32923147,bohr3226.tier2.hep.manchester.ac.uk,wn2206250.tier2.hep.manchester.ac.uk,8316410,2010,merge,UKI-NORTHGRID-MAN-HEP,2
1441960683,32923147,bohr3226.tier2.hep.manchester.ac.uk,wn2206250.tier2.hep.manchester.ac.uk,8402051,1010,merge,UKI-NORTHGRID-MAN-HEP,2
1441960683,32923147,bohr3226.tier2.hep.manchester.ac.uk,wn2206250.tier2.hep.manchester.ac.uk,8138613,1010,merge,UKI-NORTHGRID-MAN-HEP,2
1441960683,32923147,bohr3226.tier2.hep.manchester.ac.uk,wn2206250.tier2.hep.manchester.ac.uk,8424297,1000,merge,UKI-NORTHGRID-MAN-HEP,2
1441960683,32923147,storm-se-01.ba.infn.it,wn2206250.tier2.hep.manchester.ac.uk,8310869,3050,merge,UKI-NORTHGRID-MAN-HEP,2
1441960683,32923147,se03.esc.qmul.ac.uk,wn2206250.tier2.hep.manchester.ac.uk,8201104,2010,merge,UKI-NORTHGRID-MAN-HEP,2
1441960683,32923147,se03.esc.qmul.ac.uk,wn2206250.tier2.hep.manchester.ac.uk,8187158,1010,merge,UKI-NORTHGRID-MAN-HEP,2
1441960683,32923147,storm-se-01.ba.infn.it,wn2206250.tier2.hep.manchester.ac.uk,8203393,3050,merge,UKI-NORTHGRID-MAN-HEP,2
1441960683,32923147,se03.esc.qmul.ac.uk,wn2206250.tier2.hep.manchester.ac.uk,8198787,2010,merge,UKI-NORTHGRID-MAN-HEP,2
1441960683,32923147,storm-se-01.ba.infn.it,wn2206250.tier2.hep.manchester.ac.uk,8314468,2050,merge,UKI-NORTHGRID-MAN-HEP,2
1441960683,32923147,storm-se-01.ba.infn.it,wn2206250.tier2.hep.manchester.ac.uk,8555055,3050,merge,UKI-NORTHGRID-MAN-HEP,2
1441960683,32923147,storm-se-01.ba.infn.it,wn2206250.tier2.hep.manchester.ac.uk,8359167,3050,merge,UKI-NORTHGRID-MAN-HEP,2
1441960683,32923147,se03.esc.qmul.ac.uk,wn2206250.tier2.hep.manchester.ac.uk,6259963,1010,merge,UKI-NORTHGRID-MAN-HEP,2
1441960683,32923147,bohr3226.tier2.hep.manchester.ac.uk,wn2206250.tier2.hep.manchester.ac.uk,8647580,2000,merge,UKI-NORTHGRID-MAN-HEP,2
1441960683,32923147,bohr3226.tier2.hep.manchester.ac.uk,wn2206250.tier2.hep.manchester.ac.uk,8324386,1000,merge,UKI-NORTHGRID-MAN-HEP,2
1441960683,32923147,bohr3226.tier2.hep.manchester.ac.uk,wn2206250.tier2.hep.manchester.ac.uk,8103024,1000,merge,UKI-NORTHGRID-MAN-HEP,2
1441960683,32923147,lcgse0.shef.ac.uk,wn2206250.tier2.hep.manchester.ac.uk,8800863,2010,merge,UKI-NORTHGRID-MAN-HEP,2
1441960683,32923147,storm-se-01.ba.infn.it,wn2206250.tier2.hep.manchester.ac.uk,8497518,3050,merge,UKI-NORTHGRID-MAN-HEP,2
1441960683,32923147,bohr3226.tier2.hep.manchester.ac.uk,wn2206250.tier2.hep.manchester.ac.uk,8323764,2000,merge,UKI-NORTHGRID-MAN-HEP,2
1441960683,32923147,bohr3226.tier2.hep.manchester.ac.uk,wn2206250.tier2.hep.manchester.ac.uk,8304963,1010,merge,UKI-NORTHGRID-MAN-HEP,2
1441960683,32923147,storm-se-01.ba.infn.it,wn2206250.tier2.hep.manchester.ac.uk,8423288,2040,merge,UKI-NORTHGRID-MAN-HEP,2
1441960683,32923147,bohr3226.tier2.hep.manchester.ac.uk,wn2206250.tier2.hep.manchester.ac.uk,8296421,2000,merge,UKI-NORTHGRID-MAN-HEP,2
1441960683,32923147,lcgse0.shef.ac.uk,wn2206250.tier2.hep.manchester.ac.uk,8199953,1020,merge,UKI-NORTHGRID-MAN-HEP,2
1441960683,32923147,se03.esc.qmul.ac.uk,wn2206250.tier2.hep.manchester.ac.uk,8200667,1010,merge,UKI-NORTHGRID-MAN-HEP,2
1441960683,32923147,storm-se-01.ba.infn.it,wn2206250.tier2.hep.manchester.ac.uk,8204644,5050,merge,UKI-NORTHGRID-MAN-HEP,2
1441960683,32923147,storm-se-01.ba.infn.it,wn2206250.tier2.hep.manchester.ac.uk,8441385,2050,merge,UKI-NORTHGRID-MAN-HEP,2
1441960683,32923147,bohr3226.tier2.hep.manchester.ac.uk,wn2206250.tier2.hep.manchester.ac.uk,8325113,2000,merge,UKI-NORTHGRID-MAN-HEP,2
1441960683,32923147,bohr3226.tier2.hep.manchester.ac.uk,wn2206250.tier2.hep.manchester.ac.uk,8270755,1010,merge,UKI-NORTHGRID-MAN-HEP,2
1441960683,32923147,bohr3226.tier2.hep.manchester.ac.uk,wn2206250.tier2.hep.manchester.ac.uk,8134943,1010,merge,UKI-NORTHGRID-MAN-HEP,2
1441960683,32923147,bohr3226.tier2.hep.manchester.ac.uk,wn2206250.tier2.hep.manchester.ac.uk,8394742,1000,merge,UKI-NORTHGRID-MAN-HEP,2
1441960683,32923147,storm-se-01.ba.infn.it,wn2206250.tier2.hep.manchester.ac.uk,8450712,3050,merge,UKI-NORTHGRID-MAN-HEP,2
1441960683,32923147,se03.esc.qmul.ac.uk,wn2206250.tier2.hep.manchester.ac.uk,8191107,2010,merge,UKI-NORTHGRID-MAN-HEP,2
1441960683,32923147,storm-se-01.ba.infn.it,wn2206250.tier2.hep.manchester.ac.uk,8227093,4060,merge,UKI-NORTHGRID-MAN-HEP,2
1441960683,32923147,bohr3226.tier2.hep.manchester.ac.uk,wn2206250.tier2.hep.manchester.ac.uk,8166036,2010,merge,UKI-NORTHGRID-MAN-HEP,2
1441960683,32923147,se03.esc.qmul.ac.uk,wn2206250.tier2.hep.manchester.ac.uk,8180757,2020,merge,UKI-NORTHGRID-MAN-HEP,2
1441960683,32923147,bohr3226.tier2.hep.manchester.ac.uk,wn2206250.tier2.hep.manchester.ac.uk,8324573,2010,merge,UKI-NORTHGRID-MAN-HEP,2
1441960683,32923147,bohr3226.tier2.hep.manchester.ac.uk,wn2206250.tier2.hep.manchester.ac.uk,8311314,7000,merge,UKI-NORTHGRID-MAN-HEP,2
1441960683,32923147,bohr3226.tier2.hep.manchester.ac.uk,wn2206250.tier2.hep.manchester.ac.uk,8316078,2010,merge,UKI-NORTHGRID-MAN-HEP,2
1441960683,32923147,bohr3226.tier2.hep.manchester.ac.uk,wn2206250.tier2.hep.manchester.ac.uk,8334846,7010,merge,UKI-NORTHGRID-MAN-HEP,2
1441960683,32923147,bohr3226.tier2.hep.manchester.ac.uk,wn2206250.tier2.hep.manchester.ac.uk,8345133,1000,merge,UKI-NORTHGRID-MAN-HEP,2
1441960683,32923147,se03.esc.qmul.ac.uk,wn2206250.tier2.hep.manchester.ac.uk,8097393,2010,merge,UKI-NORTHGRID-MAN-HEP,2
1441960683,32923147,bohr3226.tier2.hep.manchester.ac.uk,wn2206250.tier2.hep.manchester.ac.uk,8313694,2000,merge,UKI-NORTHGRID-MAN-HEP,2
1441960683,32923147,bohr3226.tier2.hep.manchester.ac.uk,wn2206250.tier2.hep.manchester.ac.uk,8292727,7010,merge,UKI-NORTHGRID-MAN-HEP,2
1441960683,32923147,se03.esc.qmul.ac.uk,wn2206250.tier2.hep.manchester.ac.uk,8197067,2010,merge,UKI-NORTHGRID-MAN-HEP,2
1441960683,32923147,bohr3226.tier2.hep.manchester.ac.uk,wn2206250.tier2.hep.manchester.ac.uk,8292345,2000,merge,UKI-NORTHGRID-MAN-HEP,2
1441960683,32923147,se03.esc.qmul.ac.uk,wn2206250.tier2.hep.manchester.ac.uk,8190584,2010,merge,UKI-NORTHGRID-MAN-HEP,2
1441960683,32923147,storm-se-01.ba.infn.it,wn2206250.tier2.hep.manchester.ac.uk,8200070,3050,merge,UKI-NORTHGRID-MAN-HEP,2
1441960683,32923147,bohr3226.tier2.hep.manchester.ac.uk,wn2206250.tier2.hep.manchester.ac.uk,8301842,2000,merge,UKI-NORTHGRID-MAN-HEP,2
1441960683,32923147,bohr3226.tier2.hep.manchester.ac.uk,wn2206250.tier2.hep.manchester.ac.uk,8307446,1000,merge,UKI-NORTHGRID-MAN-HEP,2
1441960683,32923147,bohr3226.tier2.hep.manchester.ac.uk,wn2206250.tier2.hep.manchester.ac.uk,8261802,1010,merge,UKI-NORTHGRID-MAN-HEP,2
1441960683,32923147,bohr3226.tier2.hep.manchester.ac.uk,wn2206250.tier2.hep.manchester.ac.uk,8350170,1000,merge,UKI-NORTHGRID-MAN-HEP,2
1441960683,32923147,bohr3226.tier2.hep.manchester.ac.uk,wn2206250.tier2.hep.manchester.ac.uk,8339996,1000,merge,UKI-NORTHGRID-MAN-HEP,2
1441960683,32923147,storm-se-01.ba.infn.it,wn2206250.tier2.hep.manchester.ac.uk,8482505,2050,merge,UKI-NORTHGRID-MAN-HEP,2
1441960683,32923147,bohr3226.tier2.hep.manchester.ac.uk,wn2206250.tier2.hep.manchester.ac.uk,8301792,2000,merge,UKI-NORTHGRID-MAN-HEP,2
1441960683,32923147,bohr3226.tier2.hep.manchester.ac.uk,wn2206250.tier2.hep.manchester.ac.uk,8331739,1010,merge,UKI-NORTHGRID-MAN-HEP,2
1441960683,32923147,bohr3226.tier2.hep.manchester.ac.uk,wn2206250.tier2.hep.manchester.ac.uk,8320757,1000,merge,UKI-NORTHGRID-MAN-HEP,2
1441960683,32923147,bohr3226.tier2.hep.manchester.ac.uk,wn2206250.tier2.hep.manchester.ac.uk,8375377,1010,merge,UKI-NORTHGRID-MAN-HEP,2
1441960683,32923147,bohr3226.tier2.hep.manchester.ac.uk,wn2206250.tier2.hep.manchester.ac.uk,8284642,1010,merge,UKI-NORTHGRID-MAN-HEP,2
1441960683,32923147,bohr3226.tier2.hep.manchester.ac.uk,wn2206250.tier2.hep.manchester.ac.uk,8291333,1010,merge,UKI-NORTHGRID-MAN-HEP,2
1441960683,32923147,bohr3226.tier2.hep.manchester.ac.uk,wn2206250.tier2.hep.manchester.ac.uk,8292839,1000,merge,UKI-NORTHGRID-MAN-HEP,2
1441960683,32923147,bohr3226.tier2.hep.manchester.ac.uk,wn2206250.tier2.hep.manchester.ac.uk,8312167,1010,merge,UKI-NORTHGRID-MAN-HEP,2
1441960683,32923147,bohr3226.tier2.hep.manchester.ac.uk,wn2206250.tier2.hep.manchester.ac.uk,8331005,1000,merge,UKI-NORTHGRID-MAN-HEP,2
1441960683,32923147,bohr3226.tier2.hep.manchester.ac.uk,wn2206250.tier2.hep.manchester.ac.uk,8292018,1010,merge,UKI-NORTHGRID-MAN-HEP,2
1441960683,32923147,bohr3226.tier2.hep.manchester.ac.uk,wn2206250.tier2.hep.manchester.ac.uk,8309174,1010,merge,UKI-NORTHGRID-MAN-HEP,2
1441960683,32923147,bohr3226.tier2.hep.manchester.ac.uk,wn2206250.tier2.hep.manchester.ac.uk,8354327,1000,merge,UKI-NORTHGRID-MAN-HEP,2
1441960683,32923147,bohr3226.tier2.hep.manchester.ac.uk,wn2206250.tier2.hep.manchester.ac.uk,8487991,1000,merge,UKI-NORTHGRID-MAN-HEP,2
1441960683,32923147,bohr3226.tier2.hep.manchester.ac.uk,wn2206250.tier2.hep.manchester.ac.uk,8279955,1000,merge,UKI-NORTHGRID-MAN-HEP,2
1441960683,32923147,bohr3226.tier2.hep.manchester.ac.uk,wn2206250.tier2.hep.manchester.ac.uk,8253371,1010,merge,UKI-NORTHGRID-MAN-HEP,2
1441960683,32923147,bohr3226.tier2.hep.manchester.ac.uk,wn2206250.tier2.hep.manchester.ac.uk,8362006,1010,merge,UKI-NORTHGRID-MAN-HEP,2
1441960683,32923147,se03.esc.qmul.ac.uk,wn2206250.tier2.hep.manchester.ac.uk,8194813,1010,merge,UKI-NORTHGRID-MAN-HEP,2
1441960683,32923147,bohr3226.tier2.hep.manchester.ac.uk,wn2206250.tier2.hep.manchester.ac.uk,8386673,1000,merge,UKI-NORTHGRID-MAN-HEP,2
1441960683,32923147,bohr3226.tier2.hep.manchester.ac.uk,wn2206250.tier2.hep.manchester.ac.uk,8334057,1000,merge,UKI-NORTHGRID-MAN-HEP,2
1441960683,32923147,bohr3226.tier2.hep.manchester.ac.uk,wn2206250.tier2.hep.manchester.ac.uk,8340018,1000,merge,UKI-NORTHGRID-MAN-HEP,2
1441960683,32923147,bohr3226.tier2.hep.manchester.ac.uk,wn2206250.tier2.hep.manchester.ac.uk,8289626,1010,merge,UKI-NORTHGRID-MAN-HEP,2
